SeniorCitizen,tenure,MonthlyCharges
0,1,29.850000381469727
0,34,56.95000076293945
0,2,53.849998474121094
0,45,42.29999923706055
0,2,70.69999694824219
0,8,99.6500015258789
0,22,89.0999984741211
0,10,29.75
0,28,104.80000305175781
0,62,56.150001525878906
0,13,49.95000076293945
0,16,18.950000762939453
0,58,100.3499984741211
0,49,103.69999694824219
0,25,105.5
0,69,113.25
0,52,20.649999618530273
0,71,106.69999694824219
0,10,55.20000076293945
0,21,90.05000305175781
1,1,39.650001525878906
0,12,19.799999237060547
0,1,20.149999618530273
0,58,59.900001525878906
0,49,59.599998474121094
0,30,55.29999923706055
0,47,99.3499984741211
0,1,30.200000762939453
0,72,90.25
0,17,64.69999694824219
1,71,96.3499984741211
1,2,95.5
0,27,66.1500015258789
0,1,20.200000762939453
1,1,45.25
0,72,99.9000015258789
0,5,69.69999694824219
0,46,74.80000305175781
0,34,106.3499984741211
0,11,97.8499984741211
0,10,49.54999923706055
0,70,69.19999694824219
0,17,20.75
0,63,79.8499984741211
0,13,76.19999694824219
0,49,84.5
0,2,49.25
0,2,80.6500015258789
0,52,79.75
0,69,64.1500015258789
1,43,90.25
0,15,99.0999984741211
1,25,69.5
1,8,80.6500015258789
1,60,74.8499984741211
1,18,95.44999694824219
0,63,99.6500015258789
1,66,108.44999694824219
0,34,24.950000762939453
0,72,107.5
0,47,100.5
0,60,89.9000015258789
0,72,42.099998474121094
0,18,54.400001525878906
0,9,94.4000015258789
0,3,75.30000305175781
0,47,78.9000015258789
0,31,79.19999694824219
0,50,20.149999618530273
0,10,79.8499984741211
0,1,49.04999923706055
0,52,20.399999618530273
1,64,111.5999984741211
0,62,24.25
0,3,64.5
1,56,110.5
0,46,55.650001525878906
0,8,54.650001525878906
1,30,74.75
0,45,25.899999618530273
0,1,79.3499984741211
0,11,50.54999923706055
0,7,75.1500015258789
0,42,103.80000305175781
0,49,20.149999618530273
0,9,99.30000305175781
0,35,62.150001525878906
0,48,20.649999618530273
0,46,19.950000762939453
0,29,33.75
0,30,82.05000305175781
1,1,74.69999694824219
0,66,84.0
0,65,111.05000305175781
0,72,100.9000015258789
0,12,78.94999694824219
0,71,66.8499984741211
0,5,21.049999237060547
0,52,21.0
1,25,98.5
0,1,20.200000762939453
0,1,19.450000762939453
0,38,95.0
1,66,45.54999923706055
0,68,110.0
0,5,24.299999237060547
0,72,104.1500015258789
0,32,30.149999618530273
0,43,94.3499984741211
0,72,19.399999618530273
0,55,96.75
0,52,57.95000076293945
0,43,91.6500015258789
1,37,76.5
0,64,54.599998474121094
0,3,89.8499984741211
0,36,31.049999237060547
0,10,100.25
0,41,20.649999618530273
0,27,85.19999694824219
0,56,99.80000305175781
0,6,20.700000762939453
0,3,74.4000015258789
0,7,50.70000076293945
0,4,20.850000381469727
0,33,88.94999694824219
1,27,78.05000305175781
0,72,23.549999237060547
0,1,19.75
1,71,56.45000076293945
0,13,85.94999694824219
0,25,58.599998474121094
0,67,50.54999923706055
0,1,35.45000076293945
0,2,44.349998474121094
0,43,25.700000762939453
0,23,75.0
0,64,20.200000762939453
0,57,19.600000381469727
1,1,70.44999694824219
1,72,88.05000305175781
0,8,71.1500015258789
0,61,101.05000305175781
0,64,84.30000305175781
1,71,23.950000762939453
0,65,99.05000305175781
0,3,19.600000381469727
0,1,45.650001525878906
0,30,64.5
0,15,69.5
0,8,68.55000305175781
0,7,95.0
0,70,108.1500015258789
0,62,86.0999984741211
0,6,19.700000762939453
0,14,80.9000015258789
0,22,84.1500015258789
0,22,20.149999618530273
0,16,64.25
0,10,25.700000762939453
0,13,56.0
0,20,82.4000015258789
0,2,69.69999694824219
0,53,73.9000015258789
0,11,20.600000381469727
0,69,19.899999618530273
0,4,70.9000015258789
0,72,89.05000305175781
1,58,45.29999923706055
0,16,20.399999618530273
0,43,84.25
0,2,104.4000015258789
0,14,81.94999694824219
0,53,94.8499984741211
0,32,20.549999237060547
0,34,24.700000762939453
1,15,74.44999694824219
1,7,76.44999694824219
0,15,105.3499984741211
0,61,20.549999237060547
0,1,29.950000762939453
0,1,45.29999923706055
0,8,84.5
0,33,74.75
0,13,79.25
0,1,24.799999237060547
0,20,51.79999923706055
0,3,30.399999618530273
0,13,19.649999618530273
0,40,56.599998474121094
0,43,71.9000015258789
0,6,91.0
0,69,19.75
0,72,109.69999694824219
0,59,19.299999237060547
0,20,96.55000305175781
0,24,24.100000381469727
0,59,111.3499984741211
0,72,112.25
0,1,20.75
0,27,101.9000015258789
0,14,80.05000305175781
0,71,105.55000305175781
0,13,78.30000305175781
0,44,68.8499984741211
0,33,79.94999694824219
0,72,55.45000076293945
0,1,79.9000015258789
0,19,106.5999984741211
0,64,102.44999694824219
0,2,46.0
0,1,25.25
0,61,19.75
0,29,20.0
1,23,86.80000305175781
0,57,58.75
0,72,45.25
0,66,56.599998474121094
0,65,84.19999694824219
0,8,80.0
0,4,70.1500015258789
0,71,24.75
0,1,20.200000762939453
0,4,50.04999923706055
0,12,19.350000381469727
0,24,50.599998474121094
0,31,81.1500015258789
0,1,55.20000076293945
0,30,89.9000015258789
0,47,85.30000305175781
0,54,108.0
0,50,93.5
0,1,84.5999984741211
0,72,20.25
0,29,25.149999618530273
0,2,54.400001525878906
0,10,29.600000381469727
0,18,73.1500015258789
1,11,95.0
0,16,19.75
0,72,86.5999984741211
0,72,109.19999694824219
0,41,74.69999694824219
1,65,94.4000015258789
1,13,54.79999923706055
1,4,75.3499984741211
0,41,65.0
1,15,74.4000015258789
0,1,48.54999923706055
0,42,99.0
0,51,93.5
0,2,70.4000015258789
1,1,40.20000076293945
0,32,83.69999694824219
0,10,19.850000381469727
0,67,59.54999923706055
0,61,115.0999984741211
0,50,114.3499984741211
0,2,44.599998474121094
1,29,45.0
1,3,41.150001525878906
1,13,106.9000015258789
1,57,89.8499984741211
0,31,49.849998474121094
0,45,113.30000305175781
0,61,88.0999984741211
0,50,24.899999618530273
1,19,105.0
0,59,19.350000381469727
0,71,24.25
1,16,94.44999694824219
0,57,59.75
0,1,24.799999237060547
1,20,107.05000305175781
0,1,70.5999984741211
0,5,85.4000015258789
0,52,105.05000305175781
1,21,64.94999694824219
0,14,55.0
0,5,50.54999923706055
0,6,55.150001525878906
0,10,51.20000076293945
0,1,25.399999618530273
0,68,54.45000076293945
0,18,95.1500015258789
0,22,76.0
0,20,44.349998474121094
0,1,70.0
1,8,74.5
0,10,44.849998474121094
1,24,76.0999984741211
0,35,61.20000076293945
0,23,86.80000305175781
1,6,89.3499984741211
0,12,19.700000762939453
0,1,20.25
0,71,76.05000305175781
1,35,100.80000305175781
0,40,74.55000305175781
0,1,73.5999984741211
0,23,64.9000015258789
1,4,95.44999694824219
0,4,90.4000015258789
0,68,60.29999923706055
0,38,81.8499984741211
0,52,24.799999237060547
1,32,74.9000015258789
0,29,75.55000305175781
1,38,101.1500015258789
0,48,78.75
0,1,19.25
0,22,89.05000305175781
0,43,115.05000305175781
1,5,69.3499984741211
0,5,80.5999984741211
0,51,110.05000305175781
0,71,19.899999618530273
0,38,80.30000305175781
1,24,93.1500015258789
0,35,91.5
1,54,82.44999694824219
0,72,60.0
0,1,44.79999923706055
0,9,48.599998474121094
0,69,60.04999923706055
0,52,102.69999694824219
1,11,82.9000015258789
1,2,70.3499984741211
1,28,35.900001525878906
1,17,82.6500015258789
0,35,19.850000381469727
0,8,19.200000762939453
0,46,94.9000015258789
0,7,73.8499984741211
0,2,80.5999984741211
0,68,75.80000305175781
0,43,104.5999984741211
0,68,88.1500015258789
0,36,94.80000305175781
0,63,103.4000015258789
1,32,54.650001525878906
0,71,85.75
0,66,67.44999694824219
0,63,20.5
0,41,20.25
1,1,72.0999984741211
0,2,90.4000015258789
0,70,19.450000762939453
0,23,44.95000076293945
1,64,97.0
0,37,62.79999923706055
0,17,44.599998474121094
1,7,89.1500015258789
0,4,84.80000305175781
1,21,41.900001525878906
0,10,80.25
1,16,54.099998474121094
0,64,105.25
1,27,30.75
0,42,97.0999984741211
0,5,20.200000762939453
0,41,98.80000305175781
0,58,50.29999923706055
0,47,20.549999237060547
0,18,75.9000015258789
0,5,96.5
0,23,59.95000076293945
0,1,19.149999618530273
0,71,98.6500015258789
0,72,112.5999984741211
0,33,20.600000381469727
0,2,85.6500015258789
0,24,35.75
0,56,99.75
0,37,96.0999984741211
0,43,85.0999984741211
0,1,25.350000381469727
0,25,104.94999694824219
0,61,89.6500015258789
0,17,86.75
0,41,86.19999694824219
0,1,50.650001525878906
1,72,64.80000305175781
0,1,90.8499984741211
0,48,108.0999984741211
1,11,19.950000762939453
1,55,85.44999694824219
0,42,54.75
0,44,90.4000015258789
0,1,44.0
0,27,95.5999984741211
1,27,84.80000305175781
1,2,44.29999923706055
0,19,19.899999618530273
1,42,95.05000305175781
0,66,90.05000305175781
1,33,109.9000015258789
0,34,73.94999694824219
1,33,54.599998474121094
0,23,20.049999237060547
0,32,19.75
0,11,20.049999237060547
0,69,99.44999694824219
0,68,55.900001525878906
0,20,19.700000762939453
0,72,19.799999237060547
0,60,95.4000015258789
1,32,93.94999694824219
0,1,19.899999618530273
0,1,19.600000381469727
1,3,81.3499984741211
0,46,24.450000762939453
0,29,74.94999694824219
0,51,87.3499984741211
1,48,70.6500015258789
0,16,73.25
0,70,98.69999694824219
0,40,24.799999237060547
0,22,83.30000305175781
1,1,75.30000305175781
0,5,24.299999237060547
0,7,69.8499984741211
0,29,100.55000305175781
0,44,25.700000762939453
0,10,40.70000076293945
1,55,51.650001525878906
1,52,105.0999984741211
0,10,85.94999694824219
0,18,75.5999984741211
0,68,58.25
0,61,19.399999618530273
0,72,65.19999694824219
0,2,53.45000076293945
0,12,45.400001525878906
0,41,19.75
0,26,44.45000076293945
0,36,20.850000381469727
0,72,114.05000305175781
0,35,89.8499984741211
0,1,55.04999923706055
0,16,112.94999694824219
1,49,101.55000305175781
0,54,114.6500015258789
0,18,64.80000305175781
0,36,80.4000015258789
0,60,105.9000015258789
0,1,69.55000305175781
0,52,25.049999237060547
0,8,94.75
0,72,105.5
0,64,24.700000762939453
1,22,69.75
0,60,60.20000076293945
0,28,81.05000305175781
0,61,24.399999618530273
0,24,104.1500015258789
0,28,92.9000015258789
0,30,80.80000305175781
0,2,20.0
0,1,75.0999984741211
0,6,19.649999618530273
0,24,69.44999694824219
0,4,101.1500015258789
0,7,99.80000305175781
1,72,116.05000305175781
0,70,40.04999923706055
1,64,102.0999984741211
0,72,89.69999694824219
0,44,19.899999618530273
0,13,55.95000076293945
1,17,20.649999618530273
0,1,55.0
0,9,70.05000305175781
0,24,53.599998474121094
0,1,74.69999694824219
0,24,80.25
1,35,76.05000305175781
0,7,75.69999694824219
0,5,96.0999984741211
0,15,69.0
0,11,19.649999618530273
0,48,45.29999923706055
1,20,81.44999694824219
0,72,108.5
0,8,83.55000305175781
0,72,84.5
0,15,100.1500015258789
0,72,88.5999984741211
0,0,52.54999923706055
0,1,74.3499984741211
0,63,104.80000305175781
0,2,59.0
0,2,74.4000015258789
1,61,64.05000305175781
0,1,20.399999618530273
0,22,43.75
0,28,60.900001525878906
0,70,19.799999237060547
1,5,28.450000762939453
0,12,99.69999694824219
0,34,116.25
1,71,80.69999694824219
0,70,65.19999694824219
0,52,84.05000305175781
0,69,79.44999694824219
1,20,94.0999984741211
0,11,78.0
0,2,94.19999694824219
0,6,80.5
0,1,19.850000381469727
1,20,94.30000305175781
0,61,106.44999694824219
1,5,74.3499984741211
0,56,105.44999694824219
0,30,95.0
0,40,104.80000305175781
0,28,54.29999923706055
1,5,70.05000305175781
1,27,75.19999694824219
0,12,20.049999237060547
0,67,105.4000015258789
1,29,51.599998474121094
0,55,85.5
0,23,75.5999984741211
0,34,100.05000305175781
0,52,91.25
1,72,115.75
0,58,94.69999694824219
0,35,19.600000381469727
1,56,99.9000015258789
0,24,21.100000381469727
0,70,20.049999237060547
0,2,79.94999694824219
1,68,107.1500015258789
0,1,85.0
0,12,89.55000305175781
0,63,81.55000305175781
0,33,58.45000076293945
0,69,95.6500015258789
0,60,80.5999984741211
0,72,113.0999984741211
0,11,58.95000076293945
0,1,19.549999237060547
0,10,86.05000305175781
0,13,45.54999923706055
0,34,78.94999694824219
0,39,86.30000305175781
0,65,105.05000305175781
1,50,101.9000015258789
0,15,19.75
0,72,110.30000305175781
0,72,115.5999984741211
0,55,19.350000381469727
0,23,25.600000381469727
0,32,80.3499984741211
0,56,68.75
0,1,19.899999618530273
0,38,70.5999984741211
0,11,70.19999694824219
0,1,49.29999923706055
0,56,107.25
0,3,23.600000381469727
0,7,69.69999694824219
0,59,99.5
0,7,64.30000305175781
0,71,70.8499984741211
0,15,101.9000015258789
0,71,73.5
0,35,100.25
0,11,40.400001525878906
0,60,19.25
1,47,59.599998474121094
0,11,64.9000015258789
0,56,100.30000305175781
1,28,110.8499984741211
0,61,81.05000305175781
0,31,98.05000305175781
0,9,70.5
1,35,94.55000305175781
0,2,19.649999618530273
0,12,19.0
0,1,75.30000305175781
1,4,89.19999694824219
0,1,19.0
0,3,20.0
1,1,85.69999694824219
0,52,63.25
0,5,20.100000381469727
0,72,99.1500015258789
0,71,90.4000015258789
0,72,111.9000015258789
0,46,24.899999618530273
0,63,83.5
0,30,84.30000305175781
0,1,45.599998474121094
0,12,61.650001525878906
0,16,54.849998474121094
0,4,65.55000305175781
0,51,90.3499984741211
0,65,20.399999618530273
0,16,74.55000305175781
0,2,19.950000762939453
0,66,74.25
0,46,108.6500015258789
0,32,109.55000305175781
0,72,86.6500015258789
0,38,81.0
0,51,47.849998474121094
0,72,114.55000305175781
1,65,105.25
0,9,29.950000762939453
0,9,65.0
0,66,20.549999237060547
1,44,109.80000305175781
0,50,69.5
0,15,48.849998474121094
0,8,25.25
1,66,102.8499984741211
0,57,87.55000305175781
0,7,78.55000305175781
1,10,34.54999923706055
0,62,92.05000305175781
0,40,85.05000305175781
0,20,19.700000762939453
0,7,20.0
0,25,95.1500015258789
0,23,84.25
1,66,104.5999984741211
1,72,111.6500015258789
1,49,90.05000305175781
1,43,110.75
0,46,55.0
0,72,89.8499984741211
0,10,20.350000381469727
0,40,54.54999923706055
0,65,105.5
0,31,99.44999694824219
0,68,70.9000015258789
1,56,104.55000305175781
0,10,85.25
0,68,25.399999618530273
0,43,56.150001525878906
0,1,89.55000305175781
1,49,89.8499984741211
0,15,25.25
1,20,94.55000305175781
0,1,45.70000076293945
0,50,69.6500015258789
1,2,89.5
1,24,70.0
0,3,69.55000305175781
0,1,74.5999984741211
0,35,20.100000381469727
0,17,24.799999237060547
1,8,19.649999618530273
0,10,95.0999984741211
0,68,88.8499984741211
0,45,78.80000305175781
0,2,19.850000381469727
0,37,20.350000381469727
0,4,24.25
0,10,45.25
0,1,20.049999237060547
0,65,69.55000305175781
0,57,19.5
0,3,74.75
0,2,69.6500015258789
0,49,30.200000762939453
0,4,45.650001525878906
0,70,57.79999923706055
0,53,19.850000381469727
0,53,25.549999237060547
0,1,75.05000305175781
0,22,24.850000381469727
1,52,49.150001525878906
1,65,110.3499984741211
0,48,24.549999237060547
0,2,34.70000076293945
0,3,107.94999694824219
0,45,81.4000015258789
0,1,80.0
0,61,73.80000305175781
0,3,64.4000015258789
1,40,103.75
0,1,71.0999984741211
0,1,49.900001525878906
0,51,24.600000381469727
1,2,49.25
0,52,30.100000381469727
0,51,83.4000015258789
0,1,20.450000762939453
0,31,75.25
0,47,20.549999237060547
0,3,75.0999984741211
1,22,20.049999237060547
0,1,20.649999618530273
0,72,85.1500015258789
0,3,50.150001525878906
1,47,84.94999694824219
0,72,66.5
0,66,63.29999923706055
0,35,83.1500015258789
0,29,84.9000015258789
0,2,20.549999237060547
0,4,49.25
0,25,79.8499984741211
0,65,59.599998474121094
1,27,104.6500015258789
0,29,75.30000305175781
0,29,80.0999984741211
0,1,19.549999237060547
0,20,81.0
0,58,24.700000762939453
0,14,86.0
0,72,25.399999618530273
0,46,89.1500015258789
0,71,58.25
0,32,85.6500015258789
0,26,50.349998474121094
1,68,80.3499984741211
0,2,20.200000762939453
0,61,20.549999237060547
0,4,85.94999694824219
0,3,45.349998474121094
1,33,94.5
1,9,21.25
0,22,26.25
0,5,80.8499984741211
1,30,91.69999694824219
0,65,74.19999694824219
0,45,87.25
0,5,20.350000381469727
0,25,75.5
0,72,79.05000305175781
0,27,90.1500015258789
0,32,50.599998474121094
0,30,110.44999694824219
0,70,101.0
1,42,79.3499984741211
1,72,89.8499984741211
0,47,65.0
0,2,80.44999694824219
0,10,98.55000305175781
0,61,24.100000381469727
0,5,44.04999923706055
1,72,110.80000305175781
1,72,114.94999694824219
1,3,75.05000305175781
0,48,19.25
0,63,90.05000305175781
0,27,56.70000076293945
0,70,80.1500015258789
0,7,71.3499984741211
0,0,20.25
0,2,90.3499984741211
1,20,98.55000305175781
0,66,19.700000762939453
0,3,19.850000381469727
0,15,85.9000015258789
0,72,90.3499984741211
0,1,20.799999237060547
0,22,89.25
0,3,70.30000305175781
0,72,66.8499984741211
0,65,19.899999618530273
0,11,35.79999923706055
0,22,78.8499984741211
0,14,20.399999618530273
0,41,74.25
0,17,64.80000305175781
0,11,20.450000762939453
0,15,93.3499984741211
0,1,19.899999618530273
0,5,88.9000015258789
0,33,95.80000305175781
0,72,110.6500015258789
0,3,40.29999923706055
0,2,82.0
0,59,107.0
0,2,45.349998474121094
0,71,73.3499984741211
0,5,44.79999923706055
0,27,54.75
0,1,52.20000076293945
0,63,40.599998474121094
1,46,110.0
0,72,55.29999923706055
0,34,60.849998474121094
0,24,78.4000015258789
0,72,69.6500015258789
0,60,59.849998474121094
0,68,76.9000015258789
0,8,19.850000381469727
0,34,67.6500015258789
0,6,45.0
0,2,64.19999694824219
0,31,81.69999694824219
0,20,25.549999237060547
0,1,20.0
0,62,96.75
1,70,75.6500015258789
0,10,98.5
0,39,23.799999237060547
0,46,64.19999694824219
0,6,85.3499984741211
0,72,76.80000305175781
0,18,55.20000076293945
0,71,108.55000305175781
0,40,101.30000305175781
0,1,69.55000305175781
0,58,103.25
0,70,104.0
0,42,25.25
0,34,30.399999618530273
1,5,20.049999237060547
0,25,84.5999984741211
0,2,86.19999694824219
0,55,103.69999694824219
0,21,111.19999694824219
0,70,88.0
0,61,106.3499984741211
0,43,79.1500015258789
0,47,103.0999984741211
0,5,63.95000076293945
0,62,25.799999237060547
0,16,89.44999694824219
1,7,95.5999984741211
0,14,25.549999237060547
0,60,90.94999694824219
0,34,44.849998474121094
0,50,108.55000305175781
0,38,25.049999237060547
0,70,74.0999984741211
0,37,88.80000305175781
1,4,78.8499984741211
1,60,93.25
0,62,71.4000015258789
0,1,44.400001525878906
0,36,79.19999694824219
0,44,20.399999618530273
1,55,100.0
0,72,105.0
0,12,19.799999237060547
0,13,30.850000381469727
0,1,89.9000015258789
0,15,20.549999237060547
0,65,84.8499984741211
0,12,33.150001525878906
0,72,92.0
0,72,89.80000305175781
0,72,115.80000305175781
0,52,85.1500015258789
0,2,24.850000381469727
0,5,64.3499984741211
0,68,20.5
0,62,100.1500015258789
0,72,86.05000305175781
0,1,50.79999923706055
0,66,89.0
0,72,64.80000305175781
0,26,19.799999237060547
0,64,93.4000015258789
1,20,73.6500015258789
0,3,95.0999984741211
0,22,94.6500015258789
0,4,80.5999984741211
0,62,39.0
0,5,20.5
0,59,85.55000305175781
0,3,26.399999618530273
0,72,98.19999694824219
0,57,97.55000305175781
0,66,19.950000762939453
0,60,50.79999923706055
0,45,99.69999694824219
0,3,34.79999923706055
0,15,105.0999984741211
0,51,60.150001525878906
0,60,64.75
0,33,54.650001525878906
0,10,110.0999984741211
1,26,19.299999237060547
0,6,83.9000015258789
0,67,111.25
0,49,35.79999923706055
0,1,20.049999237060547
1,7,84.3499984741211
1,27,110.5
0,37,91.19999694824219
0,63,100.55000305175781
0,31,89.30000305175781
0,50,103.8499984741211
1,32,81.0999984741211
0,1,24.600000381469727
0,63,81.19999694824219
0,30,94.30000305175781
0,71,116.0999984741211
0,53,105.55000305175781
0,12,98.9000015258789
0,50,94.4000015258789
0,2,19.5
0,9,98.30000305175781
0,17,93.8499984741211
0,56,105.5999984741211
0,67,81.3499984741211
1,9,100.5
0,4,56.400001525878906
0,19,65.3499984741211
0,8,19.950000762939453
0,71,111.25
1,10,72.8499984741211
1,15,89.0
0,72,106.0999984741211
0,12,20.049999237060547
0,72,25.200000762939453
1,1,73.55000305175781
1,23,75.4000015258789
0,72,65.55000305175781
0,26,80.69999694824219
0,21,104.55000305175781
0,60,24.149999618530273
0,12,20.450000762939453
0,16,75.4000015258789
0,63,79.69999694824219
1,22,81.69999694824219
0,32,76.30000305175781
1,3,79.4000015258789
0,13,81.1500015258789
0,68,103.75
0,30,86.44999694824219
0,16,75.0999984741211
0,33,80.5999984741211
0,72,19.299999237060547
1,4,84.5999984741211
0,12,33.599998474121094
1,4,83.25
0,0,80.8499984741211
0,6,79.05000305175781
0,65,108.05000305175781
0,15,19.899999618530273
0,24,21.049999237060547
0,13,30.149999618530273
0,24,79.8499984741211
0,72,65.5
0,54,104.0999984741211
0,3,74.4000015258789
0,4,20.5
1,32,91.3499984741211
1,35,99.05000305175781
0,35,20.5
1,2,44.95000076293945
0,8,75.5999984741211
0,22,55.099998474121094
0,15,58.95000076293945
0,22,95.0999984741211
0,1,44.70000076293945
0,71,25.450000762939453
0,4,56.75
0,25,81.75
0,32,86.0999984741211
1,7,29.799999237060547
0,17,20.5
1,8,60.900001525878906
1,56,73.25
0,1,45.70000076293945
1,8,100.30000305175781
0,7,19.25
0,3,20.850000381469727
0,71,77.3499984741211
0,2,96.0
0,1,90.55000305175781
0,49,93.8499984741211
0,58,70.0999984741211
1,44,30.350000381469727
0,59,75.94999694824219
0,71,108.05000305175781
0,1,69.9000015258789
0,11,75.25
1,62,103.75
0,35,54.95000076293945
0,20,19.5
0,40,19.600000381469727
0,39,47.849998474121094
0,1,86.5999984741211
0,72,23.75
1,33,80.5999984741211
0,12,43.79999923706055
0,1,19.75
0,27,19.149999618530273
0,34,19.600000381469727
0,56,80.30000305175781
0,58,24.350000381469727
0,22,25.25
0,10,26.100000381469727
0,13,20.0
0,35,85.30000305175781
0,34,70.0
1,4,94.30000305175781
0,72,20.700000762939453
0,2,70.30000305175781
0,7,95.3499984741211
1,27,75.5
0,4,69.55000305175781
0,37,19.850000381469727
0,21,20.0
1,53,95.8499984741211
0,18,90.0999984741211
0,2,68.94999694824219
0,32,99.55000305175781
1,23,20.75
0,3,50.150001525878906
0,71,58.650001525878906
0,9,95.9000015258789
0,1,49.5
0,18,57.45000076293945
0,12,53.650001525878906
0,71,80.0999984741211
0,64,24.399999618530273
0,4,40.04999923706055
0,23,19.5
0,39,51.04999923706055
0,28,54.349998474121094
1,5,84.69999694824219
1,45,86.0999984741211
0,37,70.3499984741211
1,60,110.0
1,8,100.5999984741211
0,47,94.9000015258789
0,26,83.75
1,3,88.30000305175781
0,50,69.75
0,27,71.5999984741211
1,8,92.0999984741211
0,62,23.649999618530273
0,71,81.8499984741211
0,66,25.100000381469727
0,68,114.69999694824219
0,13,49.150001525878906
0,56,80.9000015258789
0,38,79.44999694824219
1,14,90.44999694824219
0,16,19.299999237060547
0,14,70.19999694824219
0,32,69.75
0,8,54.25
0,43,99.30000305175781
0,52,74.0
0,3,50.25
0,29,19.799999237060547
0,1,19.649999618530273
1,12,43.650001525878906
0,16,35.5
0,40,80.75
0,5,39.5
0,40,97.0999984741211
0,36,19.549999237060547
0,5,80.0
0,10,84.69999694824219
0,2,89.55000305175781
0,23,90.5999984741211
0,26,20.049999237060547
1,72,112.4000015258789
0,34,50.20000076293945
0,10,62.25
0,14,55.70000076293945
0,23,90.05000305175781
0,47,19.649999618530273
0,24,89.25
0,49,99.05000305175781
1,20,54.0
0,2,69.75
0,2,49.04999923706055
0,22,56.75
0,7,98.05000305175781
0,1,21.100000381469727
0,59,96.6500015258789
0,58,24.5
0,41,114.5
1,59,79.19999694824219
0,3,69.55000305175781
0,32,20.049999237060547
1,46,98.8499984741211
0,0,25.75
0,2,80.94999694824219
0,52,19.600000381469727
1,13,74.30000305175781
1,11,89.69999694824219
0,32,87.6500015258789
1,17,100.44999694824219
0,16,74.75
0,51,107.44999694824219
0,29,75.3499984741211
0,70,64.94999694824219
0,71,100.44999694824219
0,41,68.5
0,1,80.55000305175781
0,7,81.25
0,25,90.4000015258789
0,67,89.55000305175781
0,5,55.70000076293945
0,15,24.799999237060547
0,20,20.0
0,3,56.150001525878906
0,54,105.19999694824219
0,42,19.549999237060547
0,9,79.75
0,63,97.44999694824219
0,69,24.25
0,69,24.600000381469727
0,40,50.150001525878906
0,60,39.599998474121094
0,4,94.4000015258789
1,71,89.8499984741211
0,37,78.94999694824219
0,32,98.8499984741211
0,39,53.849998474121094
0,38,24.25
0,52,89.44999694824219
0,48,105.25
0,70,59.5
0,20,70.55000305175781
0,50,82.5
0,19,44.849998474121094
0,25,61.599998474121094
0,12,49.04999923706055
1,39,105.6500015258789
0,7,74.6500015258789
0,23,66.25
0,27,19.399999618530273
1,47,86.05000305175781
0,26,19.149999618530273
0,14,64.69999694824219
1,11,104.05000305175781
0,2,19.25
0,26,81.94999694824219
1,72,114.6500015258789
0,63,20.0
0,71,19.799999237060547
0,11,65.1500015258789
1,14,19.649999618530273
0,13,88.94999694824219
0,6,20.200000762939453
1,11,75.19999694824219
0,18,56.79999923706055
0,1,35.54999923706055
0,32,75.5
0,29,35.599998474121094
0,3,60.25
0,2,95.1500015258789
0,13,96.6500015258789
0,41,40.349998474121094
0,1,18.850000381469727
0,7,54.849998474121094
0,52,64.30000305175781
0,45,24.649999618530273
0,70,76.0999984741211
0,53,18.700000762939453
1,62,97.94999694824219
0,60,94.0999984741211
1,3,80.4000015258789
1,23,95.0999984741211
0,1,31.350000381469727
0,67,72.3499984741211
0,12,89.75
1,71,82.69999694824219
0,25,19.899999618530273
0,5,53.79999923706055
0,26,51.54999923706055
0,1,19.649999618530273
1,70,44.04999923706055
0,72,114.0
0,60,94.4000015258789
1,32,100.4000015258789
0,1,19.850000381469727
0,14,54.25
0,13,80.0
0,6,109.9000015258789
0,46,79.19999694824219
0,15,101.3499984741211
1,43,94.30000305175781
0,39,49.79999923706055
1,21,60.04999923706055
0,57,53.75
0,53,93.44999694824219
0,18,87.9000015258789
0,1,60.150001525878906
0,58,61.04999923706055
1,71,104.05000305175781
0,35,99.25
0,3,85.69999694824219
0,38,104.8499984741211
0,35,69.1500015258789
0,7,90.44999694824219
0,47,74.44999694824219
0,14,50.45000076293945
1,20,60.0
0,66,85.25
0,15,19.450000762939453
0,42,20.75
0,17,78.9000015258789
0,37,104.5
0,12,49.400001525878906
0,53,94.25
0,60,25.0
0,18,25.549999237060547
0,1,74.9000015258789
0,3,70.1500015258789
0,9,69.4000015258789
0,1,80.25
0,56,93.1500015258789
0,17,69.0
0,11,66.3499984741211
0,7,69.55000305175781
0,69,20.200000762939453
0,19,86.0
0,3,80.30000305175781
0,54,20.399999618530273
0,62,23.75
0,24,90.55000305175781
0,62,70.44999694824219
0,17,65.75
0,9,24.600000381469727
0,64,69.25
0,2,75.9000015258789
0,1,45.849998474121094
0,16,49.95000076293945
0,72,24.649999618530273
0,30,90.4000015258789
0,49,100.8499984741211
0,61,75.3499984741211
0,47,87.19999694824219
0,20,64.4000015258789
0,34,78.30000305175781
0,70,24.700000762939453
0,54,105.8499984741211
1,61,98.30000305175781
0,3,76.94999694824219
0,13,19.450000762939453
1,16,96.1500015258789
0,3,58.70000076293945
0,25,20.149999618530273
0,30,64.5
0,21,28.5
0,1,45.29999923706055
0,15,19.399999618530273
1,23,90.44999694824219
0,45,105.1500015258789
0,24,83.1500015258789
0,11,90.1500015258789
0,1,45.04999923706055
0,56,103.19999694824219
0,1,75.80000305175781
0,1,19.450000762939453
0,7,79.30000305175781
1,55,88.80000305175781
0,2,30.899999618530273
0,72,85.9000015258789
1,45,34.20000076293945
0,47,20.149999618530273
1,46,95.25
0,2,50.29999923706055
0,2,80.1500015258789
0,12,51.25
1,68,89.5999984741211
0,69,95.19999694824219
1,56,94.80000305175781
1,4,80.25
0,64,76.0999984741211
0,59,110.1500015258789
0,62,115.55000305175781
0,63,24.649999618530273
0,53,53.599998474121094
0,5,19.450000762939453
1,49,88.19999694824219
0,62,101.1500015258789
0,55,56.79999923706055
1,71,99.4000015258789
0,72,20.100000381469727
0,36,60.70000076293945
0,25,20.950000762939453
1,72,114.8499984741211
0,36,19.25
0,1,62.79999923706055
0,72,105.5
0,59,19.850000381469727
1,7,89.5
0,1,74.0999984741211
0,30,107.5
0,64,19.549999237060547
0,63,68.80000305175781
1,72,84.44999694824219
0,8,75.0
0,62,84.5
0,67,111.19999694824219
0,6,44.75
0,70,80.5999984741211
1,20,80.69999694824219
0,5,75.5999984741211
0,24,57.599998474121094
0,11,44.04999923706055
0,72,110.5999984741211
0,66,58.20000076293945
0,45,81.0
0,69,19.700000762939453
1,15,85.5999984741211
0,28,59.54999923706055
0,70,115.55000305175781
0,36,75.55000305175781
1,16,86.5999984741211
0,18,85.19999694824219
0,34,97.6500015258789
0,42,45.099998474121094
0,48,70.94999694824219
0,47,109.55000305175781
0,39,89.55000305175781
0,11,20.899999618530273
0,7,19.950000762939453
0,3,24.600000381469727
0,8,66.69999694824219
0,1,19.450000762939453
0,32,94.80000305175781
0,60,65.8499984741211
0,10,19.950000762939453
0,71,24.649999618530273
0,4,20.350000381469727
1,1,69.25
0,43,51.25
0,59,99.5
0,23,54.25
0,72,19.399999618530273
0,22,56.25
0,1,25.149999618530273
0,69,23.950000762939453
0,50,35.400001525878906
1,1,25.200000762939453
0,2,45.0
0,15,75.3499984741211
0,31,20.399999618530273
0,1,20.149999618530273
0,66,105.0
0,0,56.04999923706055
0,3,54.70000076293945
0,8,20.0
0,64,73.05000305175781
0,28,20.5
0,57,100.75
0,14,87.25
0,19,19.950000762939453
0,10,79.94999694824219
0,51,49.650001525878906
0,67,65.6500015258789
0,11,20.450000762939453
0,72,60.95000076293945
0,66,20.350000381469727
0,18,88.3499984741211
0,9,19.5
0,9,75.19999694824219
0,48,111.44999694824219
0,10,70.1500015258789
0,9,94.75
1,13,95.05000305175781
0,4,78.44999694824219
0,4,70.19999694824219
0,72,92.0
0,51,85.5
0,59,41.04999923706055
0,10,85.5999984741211
1,61,82.1500015258789
0,54,84.4000015258789
0,33,60.900001525878906
0,27,20.25
1,1,79.19999694824219
0,23,95.30000305175781
0,1,19.850000381469727
0,45,84.3499984741211
0,39,19.850000381469727
0,5,70.0
0,72,82.30000305175781
0,58,66.80000305175781
0,70,44.599998474121094
0,61,98.44999694824219
0,2,70.69999694824219
0,46,24.950000762939453
0,1,49.95000076293945
0,22,69.25
0,48,102.5
0,64,86.55000305175781
0,72,24.299999237060547
0,12,58.349998474121094
1,34,94.25
0,72,68.75
0,29,85.80000305175781
0,33,20.100000381469727
0,1,20.350000381469727
0,62,110.80000305175781
0,41,73.0
0,64,100.05000305175781
0,4,82.8499984741211
0,24,84.3499984741211
0,14,19.549999237060547
0,3,19.950000762939453
1,4,99.80000305175781
0,18,35.0
0,8,66.25
0,35,23.299999237060547
0,1,76.0
0,66,25.299999237060547
0,8,44.54999923706055
0,71,104.0999984741211
0,43,92.55000305175781
1,2,93.8499984741211
1,29,101.44999694824219
0,15,84.30000305175781
0,65,94.55000305175781
0,35,95.5
0,64,100.30000305175781
0,58,55.5
1,18,49.849998474121094
0,67,89.55000305175781
0,63,19.149999618530273
0,60,99.80000305175781
1,9,84.4000015258789
0,70,113.05000305175781
0,15,101.0999984741211
0,48,19.950000762939453
0,12,74.1500015258789
1,71,92.0
1,44,73.8499984741211
0,1,50.45000076293945
0,45,24.450000762939453
0,23,24.799999237060547
0,43,64.8499984741211
0,35,20.75
0,9,68.94999694824219
0,12,99.94999694824219
1,65,109.4000015258789
0,2,91.4000015258789
0,27,49.0
0,40,50.25
1,5,75.55000305175781
0,8,19.899999618530273
1,58,97.80000305175781
0,52,100.30000305175781
0,3,55.79999923706055
0,41,111.1500015258789
0,20,98.55000305175781
0,1,50.04999923706055
0,4,80.80000305175781
0,23,20.850000381469727
1,6,19.5
0,8,19.350000381469727
0,18,69.5
1,52,48.79999923706055
0,31,94.5
0,29,20.649999618530273
0,36,106.05000305175781
0,16,100.0
0,42,108.30000305175781
0,1,20.549999237060547
0,60,99.6500015258789
0,5,85.30000305175781
0,22,95.9000015258789
0,36,20.0
0,4,70.4000015258789
0,9,64.94999694824219
0,1,74.5999984741211
0,12,49.20000076293945
0,23,73.75
0,62,92.30000305175781
0,37,98.80000305175781
0,8,19.200000762939453
0,31,88.6500015258789
0,13,74.4000015258789
0,24,98.75
0,45,95.94999694824219
1,69,105.4000015258789
0,2,20.25
0,61,106.0
0,41,104.69999694824219
0,44,49.04999923706055
0,39,35.54999923706055
0,72,65.0999984741211
1,13,96.8499984741211
0,51,69.75
1,71,99.19999694824219
1,22,96.69999694824219
0,2,55.04999923706055
0,56,106.80000305175781
0,1,51.25
0,23,57.75
1,66,70.8499984741211
0,1,19.549999237060547
1,19,88.19999694824219
0,11,79.5
0,8,19.75
0,52,98.1500015258789
0,3,20.25
0,51,79.1500015258789
1,15,75.6500015258789
1,64,94.25
0,37,40.20000076293945
0,13,19.950000762939453
0,49,55.349998474121094
1,45,102.1500015258789
0,18,71.0999984741211
1,1,74.69999694824219
0,68,54.099998474121094
0,54,19.649999618530273
1,23,88.44999694824219
0,17,76.6500015258789
0,71,80.4000015258789
0,67,19.25
0,14,84.80000305175781
1,1,25.799999237060547
0,63,19.5
0,41,68.5999984741211
0,17,92.5999984741211
0,56,100.55000305175781
0,5,20.549999237060547
0,2,42.599998474121094
0,3,19.600000381469727
0,37,67.44999694824219
0,29,68.8499984741211
0,8,43.54999923706055
0,63,109.8499984741211
0,7,20.649999618530273
0,3,95.4000015258789
0,72,21.0
0,19,56.20000076293945
0,59,18.399999618530273
0,2,90.0
0,35,25.75
0,14,19.600000381469727
0,14,75.3499984741211
0,69,19.799999237060547
1,7,64.19999694824219
0,69,75.75
0,72,78.94999694824219
0,8,100.8499984741211
0,4,50.29999923706055
0,63,80.30000305175781
0,72,19.850000381469727
0,46,21.100000381469727
0,5,69.94999694824219
0,30,50.0
0,63,104.75
0,60,19.850000381469727
0,63,107.5
0,25,85.9000015258789
0,1,45.849998474121094
1,6,80.80000305175781
0,22,25.25
0,31,80.55000305175781
0,39,81.5
0,26,20.899999618530273
0,53,106.0999984741211
0,1,91.69999694824219
0,12,67.25
0,16,95.5999984741211
0,2,20.350000381469727
0,39,45.04999923706055
0,1,74.94999694824219
0,7,34.650001525878906
1,4,69.3499984741211
1,10,95.3499984741211
0,55,81.55000305175781
0,72,75.4000015258789
0,10,67.80000305175781
1,11,111.4000015258789
0,15,46.29999923706055
0,23,20.399999618530273
0,1,20.049999237060547
1,3,45.0
0,47,96.0999984741211
0,15,19.649999618530273
0,66,99.5
1,68,60.650001525878906
0,17,98.5999984741211
0,7,59.5
1,12,80.44999694824219
1,21,71.69999694824219
0,21,36.0
0,56,65.19999694824219
0,6,48.95000076293945
1,65,53.5
0,42,80.44999694824219
0,68,109.05000305175781
0,48,26.299999237060547
1,50,106.80000305175781
1,7,64.94999694824219
0,63,19.350000381469727
0,17,21.100000381469727
0,42,77.94999694824219
0,4,18.850000381469727
0,62,26.0
1,2,74.69999694824219
0,2,70.3499984741211
0,48,96.9000015258789
0,27,19.549999237060547
0,70,80.4000015258789
1,1,88.80000305175781
0,46,94.6500015258789
0,30,90.25
0,15,64.6500015258789
0,69,95.75
0,65,19.549999237060547
1,72,104.0999984741211
1,13,89.05000305175781
0,17,20.100000381469727
0,51,111.55000305175781
0,51,60.5
0,72,90.94999694824219
0,67,87.4000015258789
0,34,19.700000762939453
0,67,50.95000076293945
0,49,20.049999237060547
0,53,19.399999618530273
0,27,59.45000076293945
1,23,94.75
0,69,81.5
0,2,29.049999237060547
0,35,86.44999694824219
0,46,70.5999984741211
0,54,97.19999694824219
0,56,98.25
0,9,75.75
0,20,59.20000076293945
0,11,75.9000015258789
1,30,90.05000305175781
0,68,70.94999694824219
1,38,102.5999984741211
1,17,85.3499984741211
0,48,106.0999984741211
0,1,43.79999923706055
0,63,59.0
0,3,69.94999694824219
0,48,24.350000381469727
0,66,29.450000762939453
0,68,84.4000015258789
1,17,45.04999923706055
0,7,20.649999618530273
0,72,87.0999984741211
0,29,19.850000381469727
0,37,90.3499984741211
0,34,109.80000305175781
1,42,84.6500015258789
0,59,65.5
0,11,79.5
1,60,80.94999694824219
0,27,56.150001525878906
0,1,85.80000305175781
1,1,79.0999984741211
0,17,34.400001525878906
0,58,20.75
0,1,18.799999237060547
0,3,44.29999923706055
0,53,90.80000305175781
0,35,25.600000381469727
0,50,105.94999694824219
0,68,70.80000305175781
0,47,25.399999618530273
1,65,108.80000305175781
0,5,69.75
0,51,94.6500015258789
0,46,96.05000305175781
0,9,76.8499984741211
0,8,20.25
0,14,24.799999237060547
0,45,115.6500015258789
0,8,74.5999984741211
1,1,50.150001525878906
0,66,103.1500015258789
0,72,72.0999984741211
0,41,113.5999984741211
0,23,25.100000381469727
0,29,78.9000015258789
0,4,80.1500015258789
0,6,25.399999618530273
1,67,105.4000015258789
1,7,45.75
0,56,24.450000762939453
0,72,25.0
0,72,85.25
0,23,19.600000381469727
0,35,50.150001525878906
1,27,70.55000305175781
0,26,60.04999923706055
0,12,26.399999618530273
0,40,20.149999618530273
0,7,58.849998474121094
0,70,97.55000305175781
0,60,19.649999618530273
0,39,25.25
0,72,114.44999694824219
0,1,34.70000076293945
0,54,70.69999694824219
0,3,85.30000305175781
0,63,75.55000305175781
0,71,84.80000305175781
0,42,20.649999618530273
0,47,20.450000762939453
0,66,102.44999694824219
0,21,104.4000015258789
0,11,35.650001525878906
0,1,99.75
1,55,90.44999694824219
0,69,97.6500015258789
1,3,73.8499984741211
0,4,74.4000015258789
1,30,69.0999984741211
0,5,82.75
0,71,24.399999618530273
0,29,55.25
0,52,61.349998474121094
0,68,76.75
0,46,19.399999618530273
0,8,54.75
0,72,19.700000762939453
0,17,19.899999618530273
0,3,107.94999694824219
1,2,83.80000305175781
0,9,74.25
0,51,56.400001525878906
0,6,20.100000381469727
0,3,94.9000015258789
1,17,94.19999694824219
0,30,49.900001525878906
0,31,71.05000305175781
0,45,81.6500015258789
0,64,89.44999694824219
0,1,59.849998474121094
1,1,69.5999984741211
1,61,99.0
0,1,19.049999237060547
0,9,45.400001525878906
0,72,114.44999694824219
0,1,19.5
0,7,44.25
0,66,90.55000305175781
0,1,69.9000015258789
0,40,20.399999618530273
0,16,71.4000015258789
0,2,87.1500015258789
0,67,24.850000381469727
0,41,104.44999694824219
0,56,19.799999237060547
0,72,116.44999694824219
0,3,84.75
0,54,20.049999237060547
1,52,110.75
0,50,89.69999694824219
0,14,89.94999694824219
0,27,48.70000076293945
1,72,96.5999984741211
0,62,74.30000305175781
0,12,54.29999923706055
1,44,74.8499984741211
0,54,79.94999694824219
0,68,20.049999237060547
0,20,19.399999618530273
0,50,54.900001525878906
0,58,24.450000762939453
0,35,89.6500015258789
0,2,45.400001525878906
0,63,75.69999694824219
0,58,110.6500015258789
0,27,20.549999237060547
0,71,115.1500015258789
0,63,58.54999923706055
0,71,93.25
1,41,113.19999694824219
1,13,90.5
0,2,79.0
0,68,19.350000381469727
0,1,48.75
1,65,109.05000305175781
1,72,25.0
0,28,54.900001525878906
0,72,24.75
0,2,91.1500015258789
0,18,20.149999618530273
1,60,104.3499984741211
1,26,66.05000305175781
0,1,71.6500015258789
0,4,20.350000381469727
0,68,92.19999694824219
0,38,84.25
1,42,105.19999694824219
0,57,19.600000381469727
0,54,30.399999618530273
0,12,78.0999984741211
0,44,61.5
0,42,69.4000015258789
0,72,24.75
0,71,91.05000305175781
0,19,89.6500015258789
0,23,73.6500015258789
0,30,19.399999618530273
0,35,26.200000762939453
0,10,98.69999694824219
0,1,43.849998474121094
0,22,69.69999694824219
0,7,38.54999923706055
0,36,53.099998474121094
0,34,20.649999618530273
0,72,64.44999694824219
0,36,25.100000381469727
0,1,76.3499984741211
0,23,79.1500015258789
1,32,85.0
0,71,95.1500015258789
1,23,79.3499984741211
0,17,96.6500015258789
0,1,75.5
0,12,19.700000762939453
0,72,20.5
0,1,19.200000762939453
1,72,98.3499984741211
0,60,74.3499984741211
0,61,51.349998474121094
0,6,45.650001525878906
1,32,85.30000305175781
0,31,86.55000305175781
0,19,73.8499984741211
0,72,20.299999237060547
0,32,54.20000076293945
0,65,90.6500015258789
0,45,50.900001525878906
0,42,25.049999237060547
0,8,74.8499984741211
0,32,20.5
1,22,63.54999923706055
1,57,44.849998474121094
0,1,47.95000076293945
1,1,45.099998474121094
0,1,45.0
0,24,96.0
0,1,20.049999237060547
1,54,90.05000305175781
0,4,25.299999237060547
0,65,108.6500015258789
0,56,24.299999237060547
0,45,75.94999694824219
0,71,19.700000762939453
0,59,66.4000015258789
0,69,35.75
0,19,18.799999237060547
0,55,19.399999618530273
0,38,19.299999237060547
0,10,45.54999923706055
1,47,67.44999694824219
0,2,35.099998474121094
0,1,46.20000076293945
0,1,45.150001525878906
1,1,43.29999923706055
0,46,20.100000381469727
1,38,57.150001525878906
0,65,58.900001525878906
0,19,73.19999694824219
0,52,85.3499984741211
0,71,19.450000762939453
0,1,45.95000076293945
1,52,50.5
0,6,25.100000381469727
1,26,60.70000076293945
1,48,99.0
0,64,104.4000015258789
0,3,83.75
0,1,44.04999923706055
0,72,24.100000381469727
0,1,45.54999923706055
0,51,93.80000305175781
0,41,19.700000762939453
0,72,70.6500015258789
0,43,86.44999694824219
0,72,114.0999984741211
0,47,95.19999694824219
0,72,88.55000305175781
0,3,20.75
0,1,70.05000305175781
0,2,86.0
0,26,44.650001525878906
0,29,60.20000076293945
1,35,100.5
0,27,55.45000076293945
0,24,70.30000305175781
0,67,60.400001525878906
0,16,72.6500015258789
0,23,55.79999923706055
0,14,31.100000381469727
0,1,21.0
1,1,45.099998474121094
1,4,50.95000076293945
0,16,69.0999984741211
0,46,43.95000076293945
0,68,86.5
0,38,69.94999694824219
1,30,50.400001525878906
1,5,78.94999694824219
0,17,90.94999694824219
0,4,19.899999618530273
0,12,20.149999618530273
0,72,90.5999984741211
0,3,92.0
0,56,94.44999694824219
0,41,24.850000381469727
0,40,36.0
0,7,78.5
0,69,19.950000762939453
0,7,20.649999618530273
0,5,30.5
0,72,106.0999984741211
0,44,20.5
0,65,95.5
0,3,64.5999984741211
0,24,51.099998474121094
0,44,84.80000305175781
1,72,89.0999984741211
0,24,54.95000076293945
0,1,50.900001525878906
0,22,20.450000762939453
0,70,85.94999694824219
0,25,60.349998474121094
0,37,19.799999237060547
1,22,85.3499984741211
0,59,72.0999984741211
0,49,99.80000305175781
0,47,107.3499984741211
0,31,19.549999237060547
0,1,81.05000305175781
0,3,20.5
0,53,111.80000305175781
0,1,20.200000762939453
0,20,19.700000762939453
0,3,79.0999984741211
0,51,19.850000381469727
0,51,60.5
0,13,19.549999237060547
0,1,20.899999618530273
0,1,21.049999237060547
0,63,71.5
0,3,54.650001525878906
0,46,19.200000762939453
0,1,49.79999923706055
0,8,25.5
0,71,20.5
0,55,90.4000015258789
0,70,90.25
0,2,80.75
0,67,104.5999984741211
0,65,91.8499984741211
0,14,50.20000076293945
0,20,95.5
0,1,75.3499984741211
0,1,75.44999694824219
0,49,95.4000015258789
0,72,101.30000305175781
0,46,53.099998474121094
0,24,84.8499984741211
0,5,34.25
0,33,88.5999984741211
0,42,60.150001525878906
0,23,99.94999694824219
0,8,70.69999694824219
0,66,54.79999923706055
0,24,49.54999923706055
1,24,54.79999923706055
0,69,78.5999984741211
0,53,100.30000305175781
0,60,53.599998474121094
0,7,81.0999984741211
0,20,19.350000381469727
0,23,85.5999984741211
0,72,80.80000305175781
0,11,74.94999694824219
0,21,19.600000381469727
1,1,93.55000305175781
1,31,90.69999694824219
0,57,69.75
0,45,20.0
0,10,95.25
0,58,102.0999984741211
0,14,19.950000762939453
0,27,80.8499984741211
0,14,90.9000015258789
0,12,29.200000762939453
0,69,93.30000305175781
0,25,89.1500015258789
1,58,108.8499984741211
0,35,46.349998474121094
1,16,84.75
0,45,78.75
0,17,83.55000305175781
0,1,45.70000076293945
0,22,19.600000381469727
1,1,69.94999694824219
0,67,67.8499984741211
0,67,105.6500015258789
0,2,44.599998474121094
0,23,74.94999694824219
1,9,75.5
0,5,20.149999618530273
0,54,45.20000076293945
0,57,95.25
0,24,89.8499984741211
0,49,100.44999694824219
0,5,47.150001525878906
0,2,80.19999694824219
0,4,87.0999984741211
0,70,79.25
0,5,75.9000015258789
0,53,85.69999694824219
0,47,98.75
0,31,20.100000381469727
0,13,61.79999923706055
0,28,49.900001525878906
0,10,86.44999694824219
0,38,20.399999618530273
0,1,45.29999923706055
0,67,104.0999984741211
0,52,75.4000015258789
0,62,108.1500015258789
0,16,86.25
1,5,81.0
0,12,95.69999694824219
0,72,116.8499984741211
1,71,105.75
0,24,20.149999618530273
0,15,19.600000381469727
0,67,90.5999984741211
0,2,60.95000076293945
0,5,25.049999237060547
0,15,88.1500015258789
0,1,20.200000762939453
0,41,60.29999923706055
0,43,63.95000076293945
1,1,74.30000305175781
1,1,70.5999984741211
0,26,90.80000305175781
0,22,79.3499984741211
0,71,90.55000305175781
0,7,19.450000762939453
1,28,64.44999694824219
1,16,69.6500015258789
0,7,19.5
0,69,110.5
0,1,24.700000762939453
0,3,77.4000015258789
1,21,96.80000305175781
0,69,85.4000015258789
0,71,47.599998474121094
0,69,19.399999618530273
0,48,103.8499984741211
0,47,83.3499984741211
0,2,49.400001525878906
0,45,108.44999694824219
0,51,81.0
0,22,79.19999694824219
0,72,86.6500015258789
0,37,92.94999694824219
0,71,90.3499984741211
0,7,48.70000076293945
0,66,25.149999618530273
0,51,76.4000015258789
0,30,19.549999237060547
0,34,85.3499984741211
0,64,24.799999237060547
1,65,103.1500015258789
0,47,100.75
0,1,95.5999984741211
0,49,59.75
0,67,94.0999984741211
0,39,19.350000381469727
0,14,19.899999618530273
1,43,108.1500015258789
1,56,101.05000305175781
0,14,59.099998474121094
0,1,71.3499984741211
0,16,55.849998474121094
0,70,106.05000305175781
1,72,84.0999984741211
0,23,75.30000305175781
0,21,24.700000762939453
0,1,20.149999618530273
0,1,69.75
1,32,93.19999694824219
0,17,80.8499984741211
0,4,33.650001525878906
0,36,55.79999923706055
0,50,39.70000076293945
0,48,29.5
0,50,20.149999618530273
0,72,79.55000305175781
0,10,24.799999237060547
0,18,19.649999618530273
0,1,79.94999694824219
0,1,19.299999237060547
0,9,94.05000305175781
0,2,90.75
0,40,78.8499984741211
0,69,99.5
0,37,99.19999694824219
0,18,80.55000305175781
1,11,70.19999694824219
0,8,85.19999694824219
0,3,75.25
0,55,59.45000076293945
0,33,93.3499984741211
0,46,44.95000076293945
0,34,26.100000381469727
0,3,20.200000762939453
0,30,21.25
0,33,59.400001525878906
0,45,95.0
0,40,61.900001525878906
0,71,118.6500015258789
0,1,54.349998474121094
0,72,64.44999694824219
0,22,80.1500015258789
0,46,20.200000762939453
0,55,21.0
0,1,20.450000762939453
0,12,75.8499984741211
0,31,80.44999694824219
0,5,24.950000762939453
0,67,75.5
0,1,44.45000076293945
0,40,42.349998474121094
0,41,74.55000305175781
0,1,75.30000305175781
0,51,94.80000305175781
0,42,48.150001525878906
0,23,19.649999618530273
1,1,70.55000305175781
0,1,20.149999618530273
0,56,106.5999984741211
0,15,91.0
0,12,25.399999618530273
0,54,69.94999694824219
0,7,66.8499984741211
0,33,86.1500015258789
0,16,20.149999618530273
0,21,64.8499984741211
1,30,74.8499984741211
0,3,50.5
0,11,72.9000015258789
0,62,115.05000305175781
0,18,19.0
0,6,19.549999237060547
0,46,101.0999984741211
0,21,84.0999984741211
0,68,24.149999618530273
0,1,50.099998474121094
0,25,74.5999984741211
0,24,19.75
0,30,85.0
0,2,80.55000305175781
0,51,106.80000305175781
0,57,84.5
0,15,25.049999237060547
0,72,83.69999694824219
0,2,75.80000305175781
0,28,96.5999984741211
1,29,98.5
0,70,101.0999984741211
0,13,20.200000762939453
1,59,94.05000305175781
1,13,95.25
1,7,74.4000015258789
0,62,81.0
0,21,60.25
0,2,60.849998474121094
0,1,43.95000076293945
0,4,86.05000305175781
0,19,20.25
0,30,85.1500015258789
0,67,19.399999618530273
1,72,102.6500015258789
0,53,19.899999618530273
0,5,19.549999237060547
1,71,95.5
0,50,84.1500015258789
0,56,103.19999694824219
0,2,50.20000076293945
1,2,88.55000305175781
0,24,54.75
0,46,19.950000762939453
0,71,116.25
0,29,31.200000762939453
0,69,24.450000762939453
0,71,84.19999694824219
1,1,91.30000305175781
1,56,85.6500015258789
0,56,21.200000762939453
0,1,79.5
0,28,25.549999237060547
0,19,20.200000762939453
0,66,63.849998474121094
0,17,61.95000076293945
0,52,25.75
0,19,58.20000076293945
0,36,85.8499984741211
1,7,70.0999984741211
0,72,104.9000015258789
0,67,111.30000305175781
1,34,99.8499984741211
1,57,95.25
0,7,86.25
1,1,100.80000305175781
0,8,19.549999237060547
0,69,104.0
0,50,104.4000015258789
0,10,19.5
0,12,25.25
0,14,86.30000305175781
0,70,49.849998474121094
1,64,108.94999694824219
0,66,89.9000015258789
0,71,82.0
1,20,89.94999694824219
0,72,79.3499984741211
0,71,64.05000305175781
0,38,101.1500015258789
0,28,89.94999694824219
1,17,76.44999694824219
0,33,39.099998474121094
0,23,34.599998474121094
0,58,19.549999237060547
1,70,104.44999694824219
0,4,70.5
0,45,20.350000381469727
0,10,70.0
0,36,19.450000762939453
0,54,69.9000015258789
0,23,59.70000076293945
0,41,78.3499984741211
1,5,71.44999694824219
0,27,45.849998474121094
0,1,95.8499984741211
0,67,35.70000076293945
1,72,89.55000305175781
0,56,24.950000762939453
0,44,24.850000381469727
1,66,100.80000305175781
0,34,64.4000015258789
0,69,105.3499984741211
0,1,102.44999694824219
0,40,19.649999618530273
0,30,54.45000076293945
0,11,70.5
0,15,20.100000381469727
0,11,69.3499984741211
0,64,19.799999237060547
1,72,74.4000015258789
1,72,93.05000305175781
0,1,51.20000076293945
0,15,65.5999984741211
0,60,80.55000305175781
0,56,52.70000076293945
0,8,20.850000381469727
0,3,80.0999984741211
0,49,52.150001525878906
0,2,80.19999694824219
0,6,98.1500015258789
0,70,114.94999694824219
0,12,112.94999694824219
1,52,104.44999694824219
0,72,113.6500015258789
0,40,20.600000381469727
0,1,70.9000015258789
1,3,86.8499984741211
1,40,91.55000305175781
0,1,49.849998474121094
0,30,19.799999237060547
0,23,99.8499984741211
0,1,74.5
1,44,104.1500015258789
0,65,109.1500015258789
1,7,48.20000076293945
1,72,25.100000381469727
1,8,100.1500015258789
0,16,65.19999694824219
1,66,99.5
0,1,71.55000305175781
0,3,55.900001525878906
0,53,93.9000015258789
1,8,64.4000015258789
1,69,108.4000015258789
0,5,85.30000305175781
0,72,107.44999694824219
0,13,48.75
0,4,85.6500015258789
0,54,91.30000305175781
0,72,85.94999694824219
0,12,106.69999694824219
0,1,25.149999618530273
1,1,45.20000076293945
0,54,110.3499984741211
0,69,79.19999694824219
0,48,55.5
0,48,103.25
0,8,90.25
0,71,91.25
0,2,47.79999923706055
0,67,100.9000015258789
0,34,97.69999694824219
0,3,69.8499984741211
0,9,65.5999984741211
0,71,104.6500015258789
0,57,90.44999694824219
0,72,63.70000076293945
1,48,104.5
0,18,20.100000381469727
0,43,104.30000305175781
0,72,93.25
0,35,73.44999694824219
0,4,20.700000762939453
0,49,25.25
0,71,100.5
0,11,90.5999984741211
0,63,89.4000015258789
1,65,95.44999694824219
0,49,20.450000762939453
0,29,98.5999984741211
1,15,83.05000305175781
0,4,19.950000762939453
0,72,109.1500015258789
1,26,85.69999694824219
1,35,102.05000305175781
0,57,94.69999694824219
0,28,64.4000015258789
0,25,26.799999237060547
0,47,66.05000305175781
0,57,65.19999694824219
1,16,85.05000305175781
0,5,55.79999923706055
0,17,70.4000015258789
1,56,104.75
0,72,19.950000762939453
1,21,94.25
0,48,45.0
0,68,114.9000015258789
0,30,106.4000015258789
0,3,46.099998474121094
1,14,39.70000076293945
0,4,20.049999237060547
0,71,95.75
0,8,24.399999618530273
0,61,33.599998474121094
0,72,90.44999694824219
0,5,84.0
0,49,67.4000015258789
0,8,19.700000762939453
0,3,80.3499984741211
0,9,19.600000381469727
0,67,54.20000076293945
0,46,45.20000076293945
0,67,75.0999984741211
0,55,19.700000762939453
0,33,72.75
0,62,20.049999237060547
0,1,45.95000076293945
0,49,39.20000076293945
0,1,44.75
0,14,82.6500015258789
1,18,93.9000015258789
1,1,70.1500015258789
0,1,85.55000305175781
0,72,117.1500015258789
0,64,99.25
0,69,112.55000305175781
0,1,25.700000762939453
0,71,90.30000305175781
0,66,49.400001525878906
0,2,19.399999618530273
1,71,109.69999694824219
0,11,61.25
0,47,55.29999923706055
0,35,70.30000305175781
1,32,106.3499984741211
0,60,103.75
0,11,19.5
0,29,39.5
0,21,26.049999237060547
1,48,91.05000305175781
0,3,29.649999618530273
0,43,50.20000076293945
0,5,105.30000305175781
0,1,55.45000076293945
0,71,85.44999694824219
0,8,19.799999237060547
0,8,59.25
0,20,90.69999694824219
0,33,103.69999694824219
0,71,79.05000305175781
1,31,90.69999694824219
1,38,95.0
0,1,88.3499984741211
0,2,30.25
0,12,49.849998474121094
0,9,93.0
1,11,54.54999923706055
0,6,19.700000762939453
0,71,84.80000305175781
0,42,94.44999694824219
0,8,94.19999694824219
0,5,96.25
0,2,70.69999694824219
0,45,20.850000381469727
0,28,60.0
0,43,80.44999694824219
0,60,84.94999694824219
0,42,33.54999923706055
0,7,49.650001525878906
0,25,20.200000762939453
1,40,94.55000305175781
0,27,100.5
0,10,35.75
1,27,86.44999694824219
0,11,53.79999923706055
0,4,38.54999923706055
0,68,39.900001525878906
1,1,70.05000305175781
0,18,20.100000381469727
0,57,112.94999694824219
0,26,20.299999237060547
0,17,35.650001525878906
0,1,35.900001525878906
0,38,99.25
1,59,82.94999694824219
0,30,55.650001525878906
1,2,24.450000762939453
1,50,25.200000762939453
0,9,50.79999923706055
0,3,19.649999618530273
0,14,59.79999923706055
1,31,73.55000305175781
0,7,61.400001525878906
0,8,103.3499984741211
0,17,19.899999618530273
0,32,19.450000762939453
1,2,81.5
1,7,84.80000305175781
0,72,109.55000305175781
1,31,99.94999694824219
0,27,74.4000015258789
0,18,90.0
0,7,74.9000015258789
1,14,104.8499984741211
0,11,59.650001525878906
0,72,110.44999694824219
0,28,106.0999984741211
1,15,74.19999694824219
1,4,74.44999694824219
0,71,24.549999237060547
0,5,89.3499984741211
0,47,24.549999237060547
1,57,90.6500015258789
1,50,105.05000305175781
0,8,20.450000762939453
0,48,19.549999237060547
0,70,19.700000762939453
0,1,70.44999694824219
0,8,85.6500015258789
0,1,77.1500015258789
0,1,35.25
0,60,20.549999237060547
0,49,97.94999694824219
0,4,48.54999923706055
0,29,20.0
0,67,25.25
0,53,98.4000015258789
0,67,70.9000015258789
0,6,19.850000381469727
0,47,106.3499984741211
0,53,99.5
0,69,84.69999694824219
0,3,86.05000305175781
0,4,44.54999923706055
0,56,75.8499984741211
1,59,93.8499984741211
1,61,25.0
0,2,45.0
1,46,100.69999694824219
0,12,20.5
0,14,80.44999694824219
0,28,90.44999694824219
0,24,60.45000076293945
0,31,55.25
0,68,78.44999694824219
0,39,100.55000305175781
0,42,20.350000381469727
0,13,54.45000076293945
0,6,90.75
0,35,75.3499984741211
0,38,20.25
0,18,20.049999237060547
0,4,19.600000381469727
0,27,53.79999923706055
0,41,70.19999694824219
0,50,75.5
0,72,20.350000381469727
0,70,26.049999237060547
0,44,20.600000381469727
0,2,75.69999694824219
0,34,20.100000381469727
1,72,24.299999237060547
0,71,24.5
0,64,110.5
0,72,25.25
0,1,74.25
1,29,90.0999984741211
0,23,68.75
0,52,19.200000762939453
1,25,89.69999694824219
0,64,115.0999984741211
1,16,96.4000015258789
1,1,69.5
0,24,99.6500015258789
0,2,91.44999694824219
0,34,84.75
1,36,85.25
0,53,78.75
0,47,20.25
0,72,19.899999618530273
0,72,97.75
0,1,19.399999618530273
0,9,83.30000305175781
0,8,80.0999984741211
1,45,62.70000076293945
0,7,100.4000015258789
0,71,24.450000762939453
1,41,101.0999984741211
0,67,50.900001525878906
0,69,107.19999694824219
1,70,92.19999694824219
0,25,25.299999237060547
0,72,113.4000015258789
0,34,40.54999923706055
0,65,26.0
0,70,111.94999694824219
0,72,53.79999923706055
0,35,72.0999984741211
0,13,98.1500015258789
0,12,78.8499984741211
0,62,70.75
0,25,76.1500015258789
0,52,39.099998474121094
1,8,69.94999694824219
0,2,20.049999237060547
0,56,20.049999237060547
0,12,19.450000762939453
0,47,26.899999618530273
1,2,19.200000762939453
0,18,50.0
0,8,60.0
0,45,84.55000305175781
0,3,45.45000076293945
0,38,20.049999237060547
0,72,115.55000305175781
0,46,93.69999694824219
0,71,99.0
0,66,50.54999923706055
1,25,105.94999694824219
0,18,82.0
0,13,25.0
0,65,91.55000305175781
0,60,95.75
0,15,19.350000381469727
0,72,24.850000381469727
0,30,94.05000305175781
0,42,100.4000015258789
0,71,25.0
0,1,54.75
1,39,95.6500015258789
0,35,19.25
0,53,108.25
0,1,94.5999984741211
1,31,98.9000015258789
0,48,20.149999618530273
1,30,101.30000305175781
0,10,20.0
0,12,105.30000305175781
1,57,69.8499984741211
0,58,65.25
0,37,19.799999237060547
0,44,19.600000381469727
0,27,20.049999237060547
0,8,49.400001525878906
1,3,76.05000305175781
1,25,88.4000015258789
0,57,100.5999984741211
0,12,19.450000762939453
0,62,20.299999237060547
0,65,107.6500015258789
0,71,80.44999694824219
0,21,58.849998474121094
0,71,109.5999984741211
0,7,75.1500015258789
0,72,73.0
0,1,70.0999984741211
0,72,98.6500015258789
0,64,111.44999694824219
0,72,114.9000015258789
0,29,100.55000305175781
0,13,20.399999618530273
0,31,104.3499984741211
1,1,69.75
0,7,34.5
0,61,105.55000305175781
0,39,30.100000381469727
0,10,70.30000305175781
0,14,80.44999694824219
0,1,80.19999694824219
0,67,94.3499984741211
0,72,91.3499984741211
0,6,44.599998474121094
0,1,19.600000381469727
0,25,19.899999618530273
1,33,110.44999694824219
0,18,68.3499984741211
0,71,79.0999984741211
1,28,51.0
0,2,80.55000305175781
0,17,66.69999694824219
0,56,86.4000015258789
0,60,50.04999923706055
0,33,25.700000762939453
0,1,83.4000015258789
0,2,70.69999694824219
0,63,84.6500015258789
1,7,99.25
0,55,64.75
0,65,100.1500015258789
0,1,84.80000305175781
0,63,25.25
1,70,113.0
0,36,40.650001525878906
0,52,105.0
0,22,54.45000076293945
0,22,94.94999694824219
1,5,59.900001525878906
0,47,85.30000305175781
0,33,83.3499984741211
0,18,33.5
0,1,19.799999237060547
0,56,81.80000305175781
0,2,20.0
0,35,59.599998474121094
0,64,25.0
0,15,84.3499984741211
0,24,90.3499984741211
0,1,55.54999923706055
0,70,75.3499984741211
0,1,90.75
0,4,89.5999984741211
0,39,59.29999923706055
0,29,66.0999984741211
0,14,18.799999237060547
0,61,86.44999694824219
0,13,52.099998474121094
0,66,47.400001525878906
0,2,49.25
0,59,109.1500015258789
0,62,94.94999694824219
1,33,93.55000305175781
0,66,79.5
0,72,115.05000305175781
0,1,19.75
0,19,95.1500015258789
0,51,95.1500015258789
0,63,105.4000015258789
0,27,20.100000381469727
0,22,101.3499984741211
1,4,20.049999237060547
0,42,20.700000762939453
0,29,20.350000381469727
0,4,70.05000305175781
0,30,19.700000762939453
0,4,74.6500015258789
0,71,85.44999694824219
0,46,40.400001525878906
0,4,50.400001525878906
0,7,79.6500015258789
0,69,105.19999694824219
0,72,100.6500015258789
1,19,79.8499984741211
0,28,91.0
0,5,78.75
1,72,116.75
1,8,80.44999694824219
0,7,59.099998474121094
0,22,49.79999923706055
0,72,19.299999237060547
0,8,19.649999618530273
0,52,81.4000015258789
0,68,38.900001525878906
0,71,87.94999694824219
0,2,19.850000381469727
1,34,96.3499984741211
0,35,24.149999618530273
0,61,19.100000381469727
0,1,44.0
0,1,50.099998474121094
0,53,60.599998474121094
0,72,25.649999618530273
0,2,76.4000015258789
0,3,98.69999694824219
1,13,100.80000305175781
1,41,53.95000076293945
0,24,20.399999618530273
0,28,90.0999984741211
0,8,29.350000381469727
0,1,20.450000762939453
0,54,95.0999984741211
0,41,25.25
0,19,44.900001525878906
0,72,92.6500015258789
0,62,43.70000076293945
1,56,72.5999984741211
0,15,51.54999923706055
1,10,79.25
0,32,18.950000762939453
0,21,20.5
0,62,19.950000762939453
0,2,24.5
0,27,20.600000381469727
0,5,94.8499984741211
0,25,61.04999923706055
0,2,85.69999694824219
0,49,106.6500015258789
0,63,108.25
0,4,20.399999618530273
0,1,55.29999923706055
0,11,20.25
1,52,72.94999694824219
1,60,89.44999694824219
0,64,104.6500015258789
0,43,75.19999694824219
0,61,101.1500015258789
0,1,44.400001525878906
1,5,89.5
0,66,68.75
0,67,111.05000305175781
0,42,99.0
1,1,86.05000305175781
0,31,21.0
0,7,19.399999618530273
0,4,44.54999923706055
0,34,77.19999694824219
0,3,19.450000762939453
0,19,24.850000381469727
0,31,35.400001525878906
0,1,95.6500015258789
0,3,41.349998474121094
0,46,19.600000381469727
0,1,20.950000762939453
0,69,84.44999694824219
0,5,20.25
0,1,19.649999618530273
0,26,20.649999618530273
1,10,34.70000076293945
0,25,99.30000305175781
0,64,81.05000305175781
0,30,67.5999984741211
0,13,70.1500015258789
0,64,115.0
0,46,84.80000305175781
0,12,19.700000762939453
0,15,19.75
0,17,92.55000305175781
0,13,63.150001525878906
0,67,74.0
0,24,29.100000381469727
0,6,50.04999923706055
1,53,60.04999923706055
1,16,74.30000305175781
0,10,20.0
0,13,74.6500015258789
0,9,85.3499984741211
0,25,74.30000305175781
1,7,44.400001525878906
0,38,85.4000015258789
0,43,94.0999984741211
0,4,98.0999984741211
0,25,108.9000015258789
0,27,56.20000076293945
0,72,26.100000381469727
0,71,85.44999694824219
0,24,88.94999694824219
0,50,109.6500015258789
0,57,74.3499984741211
0,15,48.849998474121094
0,4,80.0999984741211
0,28,56.04999923706055
1,9,74.55000305175781
0,55,89.80000305175781
0,3,100.94999694824219
0,10,94.9000015258789
0,55,19.100000381469727
0,20,20.350000381469727
0,62,106.05000305175781
1,32,104.9000015258789
0,43,19.649999618530273
0,9,24.100000381469727
0,60,59.849998474121094
0,58,86.0999984741211
0,7,19.450000762939453
0,2,97.0999984741211
1,37,36.650001525878906
1,65,103.9000015258789
0,39,19.75
0,66,104.05000305175781
0,68,24.549999237060547
0,62,48.70000076293945
0,3,88.3499984741211
0,72,109.55000305175781
0,41,20.649999618530273
0,29,94.6500015258789
0,4,55.20000076293945
0,53,24.049999237060547
1,1,74.4000015258789
0,41,79.9000015258789
0,39,20.450000762939453
0,63,19.25
0,15,26.350000381469727
0,13,43.79999923706055
0,1,50.150001525878906
0,1,20.450000762939453
1,8,69.69999694824219
0,60,61.400001525878906
1,12,98.0999984741211
0,40,70.75
0,66,61.150001525878906
0,42,20.25
1,66,63.849998474121094
0,49,98.69999694824219
0,1,20.5
0,41,20.0
0,41,19.299999237060547
0,23,84.4000015258789
0,3,25.100000381469727
0,4,48.25
0,52,19.850000381469727
1,4,99.5999984741211
0,11,94.19999694824219
0,2,62.150001525878906
0,26,79.30000305175781
0,24,56.25
0,12,20.299999237060547
1,60,99.0
0,64,90.5999984741211
0,66,85.9000015258789
0,60,79.19999694824219
0,17,70.3499984741211
0,42,19.350000381469727
0,1,50.150001525878906
0,47,63.79999923706055
0,10,20.549999237060547
1,70,88.55000305175781
1,67,101.4000015258789
0,1,81.94999694824219
0,7,69.3499984741211
0,1,44.599998474121094
0,4,63.75
0,66,109.25
0,12,84.5999984741211
0,24,20.450000762939453
0,26,85.75
0,6,91.0999984741211
0,57,107.94999694824219
0,14,86.0999984741211
0,42,22.950000762939453
0,25,94.69999694824219
0,64,19.450000762939453
0,22,85.0999984741211
0,19,19.700000762939453
0,61,99.1500015258789
0,22,87.0
1,70,102.94999694824219
0,12,79.94999694824219
0,31,64.0
0,11,64.9000015258789
0,68,25.75
1,72,90.1500015258789
1,67,116.0999984741211
0,60,104.94999694824219
0,1,45.04999923706055
1,1,71.0
0,58,50.0
1,47,70.55000305175781
0,1,79.69999694824219
0,1,20.450000762939453
0,22,59.0
0,48,60.349998474121094
0,37,19.850000381469727
0,13,19.950000762939453
0,43,26.450000762939453
0,6,63.400001525878906
0,71,53.95000076293945
1,1,69.25
0,72,95.0999984741211
1,6,74.0999984741211
0,12,35.5
0,25,70.94999694824219
0,21,79.19999694824219
0,6,48.79999923706055
0,20,89.0
0,18,99.4000015258789
0,43,55.45000076293945
0,35,25.399999618530273
0,1,73.5
1,32,93.5
0,52,63.900001525878906
0,32,64.8499984741211
0,72,63.79999923706055
0,51,44.45000076293945
0,68,19.950000762939453
1,8,43.349998474121094
0,49,49.650001525878906
0,72,85.0999984741211
0,9,95.5
0,28,92.3499984741211
0,54,89.80000305175781
0,11,74.55000305175781
0,50,103.05000305175781
0,69,116.0
0,1,69.9000015258789
0,68,95.0999984741211
0,40,40.25
0,31,25.75
1,33,105.3499984741211
1,55,113.5999984741211
0,68,24.0
0,12,19.399999618530273
0,71,86.0999984741211
0,40,102.6500015258789
0,64,92.8499984741211
0,53,97.75
1,12,83.80000305175781
1,53,54.45000076293945
0,72,97.94999694824219
0,46,19.950000762939453
0,40,24.600000381469727
0,12,50.95000076293945
0,9,75.5999984741211
0,51,80.75
0,49,90.4000015258789
1,41,99.80000305175781
0,56,60.25
0,4,20.200000762939453
0,20,64.1500015258789
0,26,20.25
0,20,105.8499984741211
0,7,75.44999694824219
0,7,93.8499984741211
0,51,99.0
0,4,80.30000305175781
0,1,19.549999237060547
0,27,100.75
0,22,100.75
0,12,53.75
0,3,31.0
0,34,25.600000381469727
0,24,58.349998474121094
0,51,80.0
1,14,46.349998474121094
0,59,113.75
0,3,90.4000015258789
0,65,109.30000305175781
1,5,70.25
0,59,90.30000305175781
0,72,65.25
0,62,100.1500015258789
0,28,94.5
0,3,60.650001525878906
0,19,24.100000381469727
0,1,19.5
0,24,85.94999694824219
1,57,53.5
0,72,25.450000762939453
0,67,20.5
0,52,20.850000381469727
0,71,89.9000015258789
0,26,26.0
0,35,113.19999694824219
0,55,69.05000305175781
0,33,20.100000381469727
0,72,109.6500015258789
0,1,19.200000762939453
0,10,33.900001525878906
1,37,90.0
0,12,34.0
0,1,20.399999618530273
0,62,38.599998474121094
0,1,25.25
0,18,60.599998474121094
1,69,89.94999694824219
0,2,74.75
0,19,20.600000381469727
0,6,49.5
0,19,55.0
0,69,43.95
0,11,74.35
0,64,111.15
0,39,104.7
0,15,55.7
0,25,20.6
0,6,19.65
0,66,115.8
0,61,88.65
1,43,94.5
0,12,20.1
1,23,34.65
1,71,52.3
0,34,65.0
0,5,19.85
0,41,35.45
0,72,19.7
1,14,95.6
0,41,19.85
0,23,81.85
0,71,109.3
0,1,70.3
0,72,25.4
0,6,69.8
0,23,20.0
1,10,85.55
0,72,109.9
0,7,50.3
0,6,94.5
0,9,101.5
0,12,89.15
0,1,19.4
1,48,29.9
0,20,78.8
1,16,85.35
0,2,79.65
0,10,19.3
1,2,79.6
0,20,96.8
0,20,20.65
0,19,19.8
1,19,90.6
0,22,104.6
0,35,80.05
0,1,45.15
0,39,73.15
1,54,99.1
0,1,20.2
0,66,106.05
0,56,105.35
0,18,45.65
0,16,79.95
0,68,54.45
1,53,25.1
0,72,84.7
0,9,75.85
0,30,48.8
0,36,99.15
0,18,35.2
1,55,76.25
0,39,55.9
0,21,82.35
0,2,40.4
1,33,24.9
0,44,54.3
0,30,66.3
0,71,20.9
0,4,75.35
0,35,85.15
0,1,75.35
1,23,104.45
0,22,49.45
0,49,19.45
0,42,92.15
0,33,93.8
0,7,19.85
0,67,100.25
0,15,95.7
0,67,93.15
0,53,69.7
0,21,19.8
0,40,71.35
0,22,20.75
0,39,40.6
0,45,20.4
0,2,20.35
0,57,19.75
0,8,54.4
1,7,94.7
0,6,30.5
0,7,20.45
0,49,66.15
0,65,89.85
0,55,45.05
0,71,86.85
0,35,96.75
1,3,77.0
0,11,20.1
0,1,75.3
0,17,106.65
0,72,110.15
0,28,82.85
0,18,20.1
1,40,99.2
0,52,59.45
0,47,58.6
0,23,49.7
0,66,65.85
0,8,73.5
1,47,85.5
0,7,20.05
0,71,113.65
1,50,83.4
0,46,65.65
0,1,70.4
0,66,61.35
0,42,85.9
0,5,75.65
0,7,49.75
0,29,70.9
0,27,49.85
1,15,75.3
0,25,20.1
0,11,94.0
0,57,103.05
0,67,118.35
1,47,99.7
0,13,81.9
0,8,30.45
0,44,96.1
0,71,66.2
1,24,104.25
1,15,80.2
0,1,19.75
1,2,72.6
1,55,116.5
1,71,106.8
0,50,24.95
0,1,89.25
0,5,19.25
0,66,104.55
0,49,87.2
1,3,30.75
0,66,25.7
0,11,86.2
0,28,30.1
0,65,99.35
0,62,19.2
0,2,20.1
0,2,20.35
0,55,25.65
1,41,94.55
0,17,104.2
0,30,94.4
0,17,56.1
0,16,68.25
0,72,24.75
0,9,76.25
0,1,74.35
0,23,54.15
0,8,19.45
0,19,34.95
0,7,53.65
1,1,69.65
0,61,104.0
0,57,70.35
0,9,80.8
0,15,64.85
0,1,19.65
0,12,45.9
0,54,20.0
0,4,44.8
0,7,80.3
0,20,20.35
0,26,45.8
1,36,84.1
0,53,108.95
0,3,69.35
0,68,64.35
0,72,90.8
0,12,24.95
1,34,79.6
0,68,84.7
0,50,70.8
1,1,36.45
1,41,104.4
1,30,101.5
0,1,54.3
1,29,103.95
0,23,91.1
0,60,19.95
0,72,26.45
0,22,89.4
0,72,75.1
1,66,108.1
0,72,110.15
1,47,80.35
0,51,111.5
0,70,106.5
0,9,19.9
0,59,111.1
0,3,70.7
1,38,24.85
0,37,91.2
0,37,65.6
1,24,40.65
0,14,59.45
0,72,109.95
0,53,60.45
0,8,84.9
0,72,38.5
1,17,92.55
0,2,73.55
0,8,20.15
0,48,34.7
0,10,24.5
0,0,19.7
0,1,20.6
0,29,58.0
1,65,107.45
0,8,65.5
0,61,25.45
1,45,100.15
0,72,104.45
0,12,21.15
0,7,96.2
0,9,44.4
1,43,107.55
0,58,94.35
1,16,98.75
0,2,20.3
0,8,101.15
0,40,105.75
0,9,81.15
0,41,89.55
0,26,54.75
0,33,53.75
0,68,105.75
1,65,105.85
0,55,64.2
0,20,88.7
0,19,87.7
0,45,89.3
0,70,20.15
0,2,79.75
0,27,94.55
0,12,20.05
0,72,67.2
0,12,94.55
1,5,69.05
1,71,107.5
1,35,73.0
0,70,114.75
0,31,76.05
0,52,96.25
1,37,101.1
0,69,104.7
1,30,77.9
0,33,90.65
1,54,110.45
0,59,68.7
1,55,44.85
1,69,29.8
0,66,88.9
0,37,58.75
1,9,19.85
0,69,86.9
0,10,59.65
0,40,55.25
0,13,66.4
0,6,90.1
0,69,20.15
1,66,108.1
0,11,53.75
0,46,56.9
0,6,89.3
0,56,109.6
0,70,25.15
0,33,79.15
0,72,66.75
0,3,95.2
0,19,48.8
1,5,45.7
0,71,80.7
0,8,74.5
0,1,20.55
0,1,79.65
0,61,115.1
0,71,59.7
0,68,86.45
0,46,33.7
0,33,80.1
0,53,104.05
1,50,108.75
0,57,41.1
0,54,20.35
1,60,105.9
1,28,101.3
0,1,80.05
0,29,89.2
0,10,65.5
0,43,40.45
1,13,70.45
0,43,78.8
0,19,83.65
0,1,90.1
0,69,82.45
0,61,20.25
0,43,66.25
0,6,19.5
0,1,51.25
0,56,89.7
0,70,64.55
0,1,45.6
0,49,93.65
0,6,49.65
0,32,73.6
1,72,109.75
0,37,61.45
0,69,106.4
0,26,81.9
0,58,105.2
0,24,54.6
0,5,20.55
0,15,20.0
0,30,19.7
0,55,66.05
0,25,34.0
1,10,92.5
0,44,54.05
0,47,58.9
0,13,88.35
0,49,107.95
0,64,96.9
0,1,19.1
0,20,50.0
0,37,45.4
0,30,85.45
0,38,84.1
1,1,74.45
0,37,64.75
0,52,66.25
0,71,76.9
0,26,89.8
0,66,74.6
0,72,116.95
0,25,40.65
0,69,114.35
0,53,69.7
0,12,95.5
0,26,98.65
0,21,61.65
0,1,89.35
0,48,95.4
0,26,35.4
0,60,19.95
0,18,19.25
1,10,29.65
0,5,84.5
0,4,20.4
0,65,24.75
0,70,25.35
0,18,90.7
0,62,20.0
0,66,59.75
0,65,82.5
1,3,70.3
0,34,20.35
0,16,90.8
0,54,103.95
1,50,104.95
0,71,105.25
0,10,74.75
0,1,50.8
0,18,23.75
0,4,61.3
0,58,75.8
0,56,98.0
0,2,80.25
0,32,78.9
0,56,52.0
0,36,84.75
0,4,64.4
0,53,85.45
0,10,45.8
0,4,30.5
0,1,19.9
0,51,69.15
1,12,99.45
0,6,49.25
0,63,39.35
0,1,70.6
0,48,105.1
0,5,81.0
0,35,20.1
0,6,84.85
0,2,19.75
0,50,19.75
0,33,70.4
0,31,20.45
0,9,20.35
0,54,86.2
0,46,95.65
0,34,103.8
0,71,97.2
0,63,63.55
0,51,24.95
1,26,89.15
0,64,99.0
1,1,24.8
1,61,85.55
0,15,94.0
0,64,105.65
0,18,50.3
0,57,95.0
0,14,61.4
1,18,80.55
1,72,78.5
0,70,114.3
0,38,20.05
0,68,62.65
0,13,80.85
1,65,92.7
0,30,100.45
0,51,75.2
0,31,84.75
0,9,89.45
0,72,79.5
0,10,72.15
0,37,19.8
0,2,76.4
0,55,100.9
0,33,95.3
0,46,90.95
0,1,54.5
1,20,61.6
0,9,79.9
1,32,96.15
0,19,49.6
0,70,65.3
0,61,25.0
0,26,45.45
0,45,107.75
0,62,89.1
0,1,19.65
0,3,44.75
0,41,101.6
0,67,103.15
0,1,84.65
0,71,95.65
0,37,75.1
0,60,61.35
1,1,69.55
0,6,19.7
0,13,31.05
0,11,51.0
0,7,51.0
0,10,88.85
0,34,20.05
0,62,65.1
0,64,70.15
0,1,44.35
0,25,20.75
0,26,56.05
0,10,19.95
0,53,98.6
0,7,79.7
0,33,79.0
1,71,89.45
0,29,74.2
0,24,81.0
0,20,49.6
0,1,84.6
0,54,55.0
1,5,84.85
0,72,84.2
0,52,106.3
0,9,69.05
0,1,45.4
1,1,73.65
0,33,73.9
0,55,77.75
0,69,99.35
0,1,50.75
0,54,87.1
0,33,20.15
1,45,98.7
0,11,25.2
0,6,55.7
0,21,65.35
0,65,25.3
1,6,84.35
0,8,84.95
0,11,73.85
0,43,24.25
0,49,51.8
1,1,46.0
1,15,79.4
0,60,60.5
0,17,25.1
1,16,71.8
0,35,20.05
1,44,88.4
0,12,30.25
0,1,20.2
0,28,59.9
0,70,25.15
0,5,46.0
0,18,101.3
0,70,76.95
0,9,55.3
1,67,92.45
0,1,48.45
0,18,19.35
0,4,51.75
1,71,86.7
0,30,94.4
0,1,55.7
0,55,84.25
0,59,64.65
0,1,70.15
0,7,69.2
0,45,54.65
0,54,24.75
0,51,23.95
1,72,105.0
0,44,59.85
0,2,20.05
0,66,92.15
0,68,44.8
0,31,20.9
1,21,95.4
0,21,80.35
0,55,85.1
0,9,34.7
1,71,115.05
0,1,81.1
0,22,19.95
0,1,20.55
0,61,106.6
0,67,86.15
1,14,78.85
0,59,106.75
1,21,86.55
0,4,42.4
0,3,89.45
0,70,24.25
0,3,97.9
1,21,20.5
0,20,19.6
0,22,20.25
0,1,55.7
0,63,20.6
0,70,19.8
0,13,79.8
0,5,80.2
0,72,116.4
0,13,31.65
0,61,94.15
0,1,20.65
1,56,76.85
0,4,20.15
0,35,55.25
0,18,39.05
0,72,82.15
1,49,103.0
0,44,95.1
1,3,83.9
0,37,95.15
0,61,79.8
0,70,74.8
1,1,69.85
0,41,20.45
0,70,78.35
0,1,53.55
0,51,19.1
0,42,20.0
0,70,93.9
0,48,19.95
0,68,113.15
0,48,24.0
1,26,84.95
0,11,80.5
0,1,19.3
0,27,19.15
1,46,91.3
0,1,49.65
0,46,54.35
0,25,19.15
0,4,88.45
0,13,19.75
0,31,75.5
0,23,83.75
0,2,19.4
0,65,26.5
1,22,90.5
0,55,19.15
0,9,94.85
0,7,69.95
0,35,40.9
0,6,80.25
0,1,48.6
0,17,70.8
0,10,60.2
0,15,55.2
1,40,55.8
0,13,54.15
0,29,80.15
0,3,75.5
1,58,100.4
0,45,62.55
0,72,70.45
0,68,85.5
0,1,20.2
0,38,54.5
0,2,20.75
0,11,20.35
1,20,91.0
0,72,104.8
0,3,74.75
0,23,104.05
0,40,51.1
1,62,89.8
0,22,20.55
0,11,64.05
1,7,74.85
0,13,96.65
1,1,20.05
0,39,103.45
0,3,25.0
0,58,20.3
0,6,26.35
0,1,19.9
0,22,54.7
0,14,46.35
0,64,90.25
0,1,19.95
0,6,20.65
0,1,79.6
0,39,25.45
0,20,19.5
0,1,75.9
0,1,76.2
0,64,66.15
0,1,19.25
0,46,69.1
1,28,39.1
0,33,20.05
0,39,59.8
0,42,84.3
0,1,48.6
0,7,79.0
1,70,105.35
0,65,25.1
0,1,49.75
0,18,94.75
0,24,93.0
0,63,71.9
0,44,77.55
0,4,19.85
0,1,70.25
0,37,95.25
1,10,84.6
0,34,25.05
0,35,53.15
0,4,20.15
1,39,101.25
1,43,100.55
0,17,24.1
0,61,25.3
0,49,71.8
0,4,19.7
0,64,49.85
0,3,69.6
0,1,19.75
0,40,80.8
0,1,60.0
0,8,86.55
1,1,20.85
1,34,64.2
0,1,35.0
0,39,50.75
1,58,105.5
0,45,19.2
1,6,85.15
0,43,90.65
0,41,20.0
0,5,74.65
0,72,61.2
0,4,19.95
0,9,54.8
1,72,73.45
0,33,51.45
0,72,80.45
0,22,54.2
0,70,109.5
0,21,104.4
0,15,85.3
1,29,79.3
0,15,76.5
1,71,105.1
1,72,25.4
0,19,86.85
0,1,19.65
0,1,75.7
0,2,45.55
1,11,78.1
0,12,19.3
0,70,110.5
1,20,90.8
0,23,20.3
1,49,81.35
0,4,97.95
0,32,108.15
0,2,55.3
1,69,56.55
0,6,80.5
0,24,19.7
0,32,104.05
0,27,52.85
1,27,104.3
0,58,80.65
0,1,71.35
0,18,24.65
0,47,21.3
0,70,110.2
0,13,89.4
0,36,51.05
0,67,19.8
0,10,19.9
1,19,87.3
0,71,19.85
0,72,89.4
0,48,20.0
0,1,20.05
0,18,83.25
0,1,20.6
1,67,102.9
0,69,39.1
0,19,99.95
1,72,114.5
1,38,20.2
1,40,55.8
0,61,24.2
0,10,81.0
0,32,72.8
0,21,99.85
1,59,99.5
1,13,70.15
0,47,20.25
0,69,26.0
0,2,19.9
0,22,19.05
1,15,96.5
0,53,19.85
1,28,25.7
0,22,20.3
0,1,70.15
1,16,91.55
0,48,39.4
1,30,105.7
0,3,70.25
1,57,93.75
1,68,96.55
0,23,60.0
0,65,59.8
0,44,90.65
0,71,109.0
0,37,68.1
0,12,20.4
0,69,81.95
0,35,60.55
0,5,65.6
0,58,82.5
0,72,82.3
0,72,68.15
0,1,20.3
0,39,95.55
0,53,20.2
0,27,89.2
1,1,69.65
1,1,89.3
0,18,74.8
0,46,20.2
0,72,84.4
0,36,87.55
0,4,25.15
0,25,19.8
0,40,50.85
0,63,102.4
1,15,96.3
0,14,55.5
1,72,109.75
0,39,106.4
0,47,60.0
0,19,88.8
0,5,85.2
0,13,35.1
0,17,80.05
1,34,75.55
0,42,49.55
0,5,81.3
0,71,23.9
1,19,66.4
0,2,19.6
0,57,18.8
0,72,108.4
0,6,85.95
0,17,85.45
0,61,80.9
0,1,71.0
0,48,111.8
0,16,20.6
1,9,85.05
0,3,44.6
0,1,44.4
0,65,105.1
0,70,115.15
0,60,59.8
0,69,26.3
1,35,70.55
0,22,20.05
0,66,79.85
1,1,70.3
0,1,79.35
0,34,90.05
0,72,24.45
0,31,59.95
0,30,25.35
0,9,90.8
0,20,70.45
1,19,34.3
0,65,105.05
0,30,19.3
0,6,19.15
0,2,51.4
0,53,71.85
1,7,75.4
0,61,49.7
1,70,45.25
0,13,78.75
1,35,81.6
0,2,70.4
0,3,75.8
0,3,76.1
0,62,94.0
0,72,103.95
0,63,19.95
1,20,71.3
1,35,110.8
1,21,69.1
0,62,96.1
0,15,48.8
0,55,50.55
0,11,44.65
0,17,88.25
0,61,19.45
0,71,89.3
0,2,70.0
0,35,19.25
0,17,70.5
0,21,97.35
0,47,19.65
0,3,20.85
0,3,19.65
1,44,19.35
0,1,44.0
0,44,94.4
0,5,25.9
0,24,55.65
0,1,69.65
0,18,75.4
0,10,100.6
0,65,71.0
1,1,86.0
0,53,106.95
0,3,21.2
0,33,61.05
0,3,29.6
0,34,79.95
0,14,19.7
0,13,20.3
1,46,59.9
0,23,24.35
0,47,19.75
0,17,50.3
0,49,95.6
1,59,50.25
0,69,85.35
0,11,41.6
0,10,51.65
0,12,24.0
0,45,100.85
0,39,59.85
1,71,25.45
0,71,23.9
0,33,24.15
1,67,75.7
0,37,40.2
0,49,84.5
0,9,50.85
0,52,91.6
0,70,98.9
0,1,85.0
1,14,78.95
0,1,44.3
0,1,20.2
0,52,80.2
0,6,60.9
0,7,34.2
1,47,85.2
0,26,87.15
0,25,54.3
0,69,19.1
0,72,112.75
0,4,19.95
0,59,19.5
0,67,65.55
1,26,78.8
0,27,78.2
0,72,105.25
0,6,89.25
0,62,20.65
0,20,68.7
0,6,78.65
0,51,24.75
0,61,19.75
1,62,89.1
0,72,84.7
1,13,98.0
0,5,94.45
1,3,105.0
1,26,93.85
1,13,59.9
0,38,19.95
1,8,84.0
1,34,108.9
0,18,33.6
0,56,85.85
0,36,34.85
0,9,48.75
0,1,84.85
0,12,56.65
1,57,95.3
0,42,73.9
0,33,24.5
0,70,84.6
0,68,44.95
0,1,24.7
0,37,100.3
0,4,25.45
0,1,50.7
0,20,55.0
0,72,68.4
0,31,89.9
1,18,78.55
0,11,55.05
0,33,19.8
1,62,84.45
0,1,35.9
0,16,80.75
0,22,78.65
0,49,61.75
0,36,63.7
0,42,99.45
1,4,25.2
0,12,74.05
0,31,87.6
0,5,89.15
0,66,20.0
1,15,55.0
0,64,104.4
0,10,20.05
0,7,89.75
0,29,34.3
0,57,20.65
0,46,84.25
0,53,19.65
0,17,79.85
0,38,20.2
0,15,19.8
0,22,50.35
0,14,85.15
0,57,74.6
1,11,79.15
0,1,20.35
0,12,21.05
1,3,94.6
0,36,94.7
0,16,94.25
0,65,72.45
0,2,74.95
0,42,105.2
0,72,111.95
0,62,19.85
0,6,89.75
0,48,20.05
0,35,108.95
0,52,19.65
0,1,24.9
0,6,82.85
0,71,93.2
0,67,84.8
1,60,71.75
0,23,30.35
0,39,54.85
0,15,19.5
1,53,103.85
0,24,24.2
0,37,19.35
0,5,83.6
1,50,100.65
0,54,94.1
0,3,74.55
0,68,108.45
0,5,56.15
0,33,20.35
0,41,80.55
0,34,61.25
0,13,20.45
0,20,18.9
1,51,19.6
0,3,91.5
0,41,45.2
0,13,19.45
0,35,25.45
0,12,80.85
0,4,94.9
0,43,49.05
1,12,29.3
1,68,105.3
1,25,88.95
0,7,20.25
1,66,110.85
0,53,110.5
1,63,109.4
0,70,114.2
1,27,36.5
0,1,70.75
0,5,19.95
1,37,19.6
0,3,40.15
0,12,76.6
0,38,19.6
0,9,85.3
0,13,65.85
1,29,94.45
0,47,20.05
0,61,99.4
0,16,20.0
0,41,78.45
0,43,25.1
0,36,97.35
0,6,55.0
0,58,71.1
0,19,61.55
0,11,45.9
0,39,40.3
1,8,87.1
0,26,49.5
1,53,73.8
0,70,19.2
0,1,45.3
0,59,25.0
0,2,94.95
0,7,35.3
0,12,44.55
0,59,76.75
0,61,81.0
0,72,105.55
0,13,18.8
0,64,24.9
0,1,23.45
0,10,64.9
0,65,61.35
0,62,113.95
0,55,90.15
0,25,54.1
0,1,29.7
0,1,49.8
0,59,101.1
1,64,24.4
0,36,95.0
0,3,50.65
0,61,69.9
0,26,39.95
0,1,55.4
1,1,90.6
0,68,103.25
1,2,86.85
0,72,94.25
0,71,47.05
0,57,20.55
0,4,19.65
1,1,70.2
0,72,81.0
0,21,75.9
0,71,24.7
1,29,99.05
1,69,110.25
0,64,85.0
0,16,19.75
0,4,23.9
0,52,111.25
0,2,55.1
0,1,19.95
0,18,25.15
0,2,54.15
0,19,59.8
0,40,83.85
1,66,104.9
0,21,75.3
0,8,66.65
0,72,109.5
0,48,73.85
0,69,19.3
0,72,118.2
0,14,51.45
0,6,59.45
0,8,19.5
0,17,19.55
0,65,93.55
0,57,59.3
0,13,102.25
1,19,95.9
0,56,109.8
0,14,78.1
0,52,39.9
0,58,64.9
1,47,95.05
0,67,53.4
0,2,24.9
1,6,44.7
0,71,114.0
0,46,20.25
0,5,53.85
1,67,83.85
0,3,20.2
0,3,19.95
1,52,104.2
0,42,50.25
0,50,20.35
1,23,90.0
0,67,54.2
0,25,99.5
1,39,99.1
0,69,66.9
0,1,25.85
0,32,91.05
0,9,71.0
0,16,93.2
0,60,20.95
0,72,109.2
0,5,19.35
1,26,85.8
0,3,19.85
0,2,19.65
0,2,20.5
0,36,89.65
0,7,74.35
1,60,49.45
0,19,89.1
1,45,75.15
1,4,70.65
0,31,104.2
0,47,90.05
0,1,79.25
0,1,44.9
0,1,19.4
1,59,88.75
0,10,70.1
1,35,91.0
0,4,29.65
0,32,90.8
0,43,77.85
0,4,54.3
1,54,18.95
1,11,95.15
1,66,102.4
0,61,99.9
0,72,88.7
0,44,54.3
0,41,55.7
0,50,103.95
0,47,110.85
0,8,20.15
0,18,20.05
0,72,91.95
0,1,80.5
1,42,55.65
1,18,74.7
0,13,104.15
0,68,83.65
0,4,72.2
0,69,110.05
0,17,51.5
0,25,25.5
1,43,89.55
0,59,19.5
1,5,80.7
0,21,77.5
0,69,105.1
0,13,25.15
0,42,95.25
0,52,95.65
1,46,85.0
0,61,80.8
0,29,24.85
0,25,54.75
0,5,85.75
0,15,50.75
0,19,20.15
0,44,20.05
1,6,98.25
0,58,71.6
0,62,81.45
0,70,58.4
1,1,25.7
0,10,53.7
0,26,19.6
0,66,89.4
0,7,69.0
0,51,84.2
0,72,106.1
0,65,25.75
0,2,46.05
0,70,64.95
0,72,85.45
0,1,20.05
1,1,76.4
0,5,100.5
0,3,20.7
0,58,25.3
1,22,40.05
1,33,100.6
0,1,69.95
1,54,74.0
0,72,99.4
0,1,93.3
0,3,49.15
0,72,107.45
0,72,83.6
1,54,99.05
0,59,80.1
0,54,65.3
0,60,89.55
0,60,60.8
0,3,74.5
0,69,99.15
0,1,19.25
0,50,39.45
0,56,44.85
0,60,97.2
1,69,110.55
0,1,35.05
1,1,73.0
0,3,19.9
0,60,76.95
0,13,35.4
0,62,20.45
0,45,96.75
0,25,54.2
0,44,100.1
0,2,45.25
1,33,83.85
0,1,70.1
0,22,20.85
0,35,33.45
0,29,20.2
1,27,85.9
0,54,61.0
1,2,70.65
0,57,86.9
0,62,69.4
0,15,20.35
0,2,20.35
0,70,104.3
0,21,44.95
0,23,49.45
0,6,20.6
0,4,19.55
0,3,99.0
0,23,93.5
0,26,54.55
0,8,20.05
0,26,83.95
0,2,79.45
0,67,116.2
0,71,93.7
0,59,79.85
0,39,100.0
0,21,19.6
0,1,19.7
0,48,20.2
1,31,50.4
0,64,113.35
0,46,80.0
0,52,80.95
0,67,24.9
1,67,54.9
0,5,75.55
0,71,109.25
0,9,77.65
1,26,95.0
0,71,116.3
0,32,19.9
0,2,70.35
0,71,25.6
0,60,44.45
1,55,100.15
0,54,105.4
0,2,95.85
0,6,73.85
0,48,70.1
0,63,25.25
0,1,79.15
0,12,21.05
1,54,24.95
0,30,64.5
0,30,19.65
0,4,79.0
0,40,105.95
0,9,75.85
0,17,91.85
0,62,43.6
0,28,91.25
0,70,89.75
0,46,104.4
0,23,90.15
0,47,40.3
0,68,105.25
1,60,106.0
0,67,104.0
0,14,69.65
0,57,74.3
0,55,100.9
0,1,20.25
0,1,49.9
0,23,96.9
0,13,100.35
0,47,104.1
0,38,20.1
1,38,74.95
1,2,56.55
1,1,49.25
0,15,68.6
0,26,69.05
0,35,19.7
0,3,20.05
0,50,103.7
0,42,94.4
0,10,54.95
0,61,93.7
0,68,110.25
0,10,98.9
0,65,89.75
0,72,80.45
0,55,79.4
0,1,20.3
0,7,62.8
0,2,74.9
0,9,74.85
0,27,25.85
1,7,101.95
0,64,68.3
0,70,48.4
1,2,94.0
1,67,105.05
0,45,89.3
0,24,25.15
0,4,19.5
0,44,92.95
0,72,20.7
0,1,74.3
0,66,19.35
0,1,44.65
0,13,84.05
0,10,80.7
1,65,104.35
0,1,19.55
0,38,74.05
0,23,40.1
0,10,20.1
0,4,101.7
0,72,83.55
0,35,56.85
0,1,20.4
0,58,19.55
0,70,106.15
0,38,78.95
0,60,49.75
0,26,92.4
0,8,58.2
0,41,102.6
1,36,91.95
1,54,65.25
0,71,106.0
0,55,73.1
0,72,59.75
0,3,55.1
0,54,59.8
0,72,116.6
0,52,109.3
1,60,101.4
0,39,50.65
0,15,56.15
0,69,106.5
0,43,19.2
1,63,83.0
1,2,70.1
0,72,108.3
0,32,91.05
0,40,25.25
0,58,45.35
0,67,43.9
1,51,77.5
0,31,79.3
1,69,84.9
0,32,79.25
0,21,71.05
0,52,53.75
0,72,24.25
0,72,54.2
0,52,44.25
0,41,50.05
0,41,20.15
0,6,69.25
0,67,69.35
0,16,19.35
0,17,19.15
0,35,61.0
0,58,20.5
0,1,50.5
0,52,50.2
0,70,79.6
0,19,24.9
1,1,74.4
0,35,106.9
0,32,101.35
0,17,55.35
0,67,50.55
0,9,19.5
0,31,79.45
0,4,90.65
1,58,89.85
0,60,79.0
0,58,104.65
0,1,19.55
0,27,19.9
1,66,116.25
0,15,87.75
1,47,100.05
0,41,81.3
0,59,44.3
0,50,70.35
0,17,44.45
0,6,49.15
1,51,29.45
0,44,100.55
0,49,85.3
0,2,95.65
0,59,69.1
1,50,70.35
0,59,20.6
0,18,74.15
0,10,75.05
0,14,44.6
0,35,21.45
0,8,43.45
0,18,20.05
0,60,94.15
0,1,94.4
0,6,19.55
0,19,75.9
0,53,64.15
1,72,109.55
0,60,110.8
0,1,55.0
0,13,53.45
0,5,69.95
0,1,101.45
0,13,97.0
0,37,90.6
0,64,73.55
0,5,67.95
0,61,94.35
0,1,69.5
0,1,18.85
0,26,19.4
0,1,69.2
0,24,19.75
0,17,54.6
0,26,29.8
0,1,69.65
1,40,101.85
0,52,103.05
0,1,82.3
0,1,20.3
0,21,35.1
0,67,105.7
0,44,56.25
0,70,60.35
0,3,79.25
0,56,59.8
0,13,84.6
0,58,93.4
0,42,94.2
1,1,25.05
0,46,99.65
0,63,50.65
0,11,60.9
0,15,59.65
0,72,64.7
0,29,25.1
0,1,48.95
0,6,54.85
0,1,45.3
0,63,91.35
0,2,85.85
0,18,25.1
0,43,34.0
0,15,45.9
0,10,95.2
0,55,20.5
0,49,100.6
0,6,55.3
0,70,20.35
1,2,74.85
1,63,36.1
0,25,65.8
1,18,20.35
1,28,105.8
1,53,96.75
0,35,102.35
0,1,24.4
0,70,115.65
0,2,79.85
0,26,73.05
0,34,64.35
0,19,20.5
0,15,76.0
0,62,54.75
1,42,104.75
0,9,74.65
0,24,51.15
1,68,41.95
0,31,54.35
0,1,56.25
0,21,106.1
0,63,96.0
1,2,79.75
0,61,61.45
0,1,68.65
0,18,19.65
0,6,19.0
0,33,100.0
0,16,20.25
0,56,98.7
0,23,19.8
0,9,73.8
1,14,100.2
0,15,74.9
0,5,20.05
0,61,106.2
0,70,116.55
0,15,99.7
0,8,19.7
0,8,19.5
0,4,29.15
0,34,55.0
0,68,90.8
0,45,51.0
1,9,90.1
0,22,59.05
0,2,20.3
0,70,72.95
0,10,73.55
0,72,84.3
0,49,78.0
1,54,72.1
0,71,106.75
0,22,19.25
0,50,20.55
0,43,20.0
0,45,24.65
1,64,103.5
0,23,23.85
0,68,25.8
0,1,70.85
0,2,69.8
0,26,59.45
0,55,54.55
0,14,20.05
0,71,82.55
0,64,81.25
0,7,70.75
0,57,74.3
0,13,94.1
0,3,29.7
1,72,109.7
0,40,96.35
0,14,66.6
0,2,44.5
1,66,110.9
0,38,105.0
0,1,25.3
0,22,55.15
0,1,20.1
0,5,80.1
0,29,69.05
0,1,69.9
0,3,20.4
0,71,19.7
0,9,50.1
0,43,101.4
0,48,83.45
0,26,86.65
0,9,20.15
0,1,80.8
0,46,19.4
0,2,62.05
1,1,76.45
0,64,60.05
1,12,91.3
1,6,95.75
0,59,20.35
0,7,94.05
1,72,84.1
1,16,78.75
0,25,55.55
0,34,62.65
0,1,74.5
0,10,102.1
0,24,20.1
0,10,70.3
0,69,53.65
0,57,20.75
0,50,103.4
0,28,50.8
0,16,50.15
0,25,79.0
1,3,74.6
0,61,96.5
0,2,20.1
0,51,19.4
0,71,77.55
0,20,20.05
0,6,19.85
0,6,20.2
0,29,67.45
0,36,18.55
0,28,29.75
0,7,86.5
0,63,24.2
0,48,23.55
0,49,20.45
1,27,81.45
0,72,92.3
0,1,69.15
0,72,53.65
0,47,39.65
0,1,54.65
0,36,104.8
0,43,29.3
1,27,83.85
0,9,79.55
0,38,103.65
1,35,99.05
0,0,73.35
0,59,100.05
0,27,20.35
1,2,43.95
0,7,23.5
0,36,70.7
0,41,94.3
0,13,29.15
0,19,20.85
0,60,37.7
0,48,95.5
1,3,91.05
0,69,92.45
0,43,44.15
0,11,36.05
0,45,50.25
0,72,109.75
1,2,79.2
0,12,20.3
0,67,112.35
0,37,94.3
0,39,41.15
0,41,74.65
0,25,48.25
0,8,76.15
0,71,71.1
0,5,96.55
0,30,79.3
0,40,89.6
0,54,20.5
0,72,106.3
0,28,100.35
0,18,85.6
0,2,45.25
0,59,106.15
0,22,51.1
0,1,19.9
1,72,25.7
1,14,74.3
0,50,99.4
0,48,69.7
0,49,98.35
0,28,85.45
1,68,95.9
0,13,100.75
0,11,89.2
0,3,74.1
1,57,100.6
0,3,75.0
0,72,25.75
0,70,84.1
0,49,79.3
1,67,107.05
0,46,20.05
1,64,70.2
0,37,19.5
1,2,70.75
1,13,45.3
0,72,115.15
0,68,72.95
0,15,19.65
0,24,19.55
0,24,89.55
0,27,50.35
0,12,50.25
0,71,87.25
0,67,20.8
0,63,109.25
0,1,20.35
0,4,55.9
1,40,79.2
0,12,96.0
0,52,79.2
0,10,24.0
0,68,101.35
0,54,100.1
0,4,56.5
0,52,35.45
1,1,85.0
0,70,79.4
0,43,35.2
0,52,19.65
0,12,49.85
0,56,68.75
0,0,61.9
0,42,79.9
1,22,89.75
0,51,59.3
0,27,19.4
1,51,93.65
0,4,49.4
0,1,19.9
0,35,55.0
1,71,72.9
0,1,69.2
0,69,25.6
0,14,19.75
0,57,55.7
0,72,117.5
0,48,19.85
0,4,78.9
0,31,20.65
0,38,62.3
1,37,92.5
0,1,19.65
1,57,79.75
1,62,79.95
0,3,29.9
0,72,19.75
0,29,45.0
0,13,44.8
0,3,69.65
0,11,51.1
0,21,53.15
0,19,24.7
0,61,111.6
0,11,48.55
0,35,109.95
0,25,20.8
0,1,20.2
0,67,25.6
0,19,39.65
0,56,24.9
0,72,108.4
0,43,19.55
0,55,85.1
0,2,56.7
0,27,69.05
0,13,70.15
0,70,111.15
0,14,105.95
0,19,89.35
0,20,89.1
0,43,91.25
0,5,90.35
1,70,105.55
0,40,19.1
0,6,20.4
0,39,100.45
1,4,74.95
0,15,29.7
0,1,50.35
1,45,85.7
0,64,47.85
1,57,94.0
0,72,69.85
0,1,70.3
0,72,25.85
0,3,71.1
1,55,98.8
0,59,93.35
0,18,99.85
1,32,80.3
0,4,50.55
1,66,80.45
0,27,81.3
0,4,20.7
0,60,79.05
0,8,19.05
0,8,19.6
0,35,20.2
0,7,86.8
0,53,20.9
1,18,103.6
0,15,38.8
0,67,88.4
1,6,84.2
1,6,79.7
0,13,99.0
0,11,100.75
0,1,19.3
0,5,55.75
0,13,19.95
0,9,91.75
0,29,89.65
1,1,45.85
0,1,79.55
0,18,55.95
0,2,69.0
0,30,83.55
0,66,65.7
0,38,94.9
0,44,61.9
0,54,111.1
0,2,20.0
0,42,67.7
0,58,25.15
0,58,92.85
0,25,89.1
0,71,111.3
0,37,101.9
0,14,91.65
1,4,88.85
0,48,60.6
1,3,25.3
0,8,65.5
0,1,95.45
0,67,19.95
0,13,91.1
0,45,54.15
0,49,74.6
0,52,94.6
0,63,81.15
0,68,89.05
0,31,49.2
0,64,19.45
0,62,104.3
0,1,69.7
0,6,89.5
0,21,86.05
0,72,25.2
0,32,35.15
1,71,99.65
0,34,105.35
0,3,35.15
0,12,73.75
1,8,101.35
0,35,24.3
0,3,80.7
0,3,89.85
0,53,61.1
0,4,29.05
0,48,99.7
0,6,55.9
1,3,105.9
0,54,46.0
0,1,43.95
0,62,80.4
0,22,100.05
0,1,45.1
1,51,94.0
0,30,68.95
1,56,68.45
0,35,69.0
1,64,43.85
0,30,44.5
0,25,18.7
0,41,70.25
0,9,55.35
0,1,53.55
0,70,114.6
0,57,20.1
0,9,85.5
0,69,108.75
1,43,103.0
0,72,97.85
0,44,19.55
0,72,84.05
0,33,103.75
0,54,89.4
0,27,19.7
0,54,79.85
0,3,74.45
0,53,74.1
0,1,69.35
0,15,18.8
0,56,73.85
0,5,64.4
0,48,55.8
0,25,20.05
0,3,75.15
0,58,99.15
0,10,56.75
0,1,69.6
0,71,104.15
0,65,110.8
0,5,80.15
0,28,35.75
0,67,69.9
0,35,89.2
0,72,55.65
0,61,50.7
1,68,20.0
0,1,30.5
0,3,19.1
0,70,98.3
0,48,45.55
0,68,101.05
0,47,103.7
0,32,36.25
0,5,49.4
0,49,19.9
0,48,107.4
1,13,82.0
0,15,19.8
0,12,45.05
1,67,64.55
0,9,86.25
0,13,19.75
0,38,89.1
1,42,95.55
0,24,75.4
1,27,101.25
0,9,102.6
0,49,56.3
1,61,94.2
0,50,43.05
1,25,89.5
1,22,74.4
0,1,20.5
0,4,74.35
1,18,99.75
1,56,111.95
1,53,94.0
0,51,98.85
0,24,64.35
0,62,72.0
0,24,49.7
0,70,80.7
0,1,24.2
1,16,39.0
0,8,65.45
0,72,74.35
0,23,83.2
0,31,25.0
0,37,40.2
0,30,94.1
1,35,108.35
0,23,69.5
0,20,76.0
0,36,93.6
0,8,95.65
0,71,100.55
1,50,88.05
0,43,24.45
0,57,89.55
0,41,66.5
0,27,76.1
0,13,80.5
0,3,35.45
0,67,20.55
0,3,49.9
0,64,105.4
0,26,35.75
0,38,95.1
0,23,19.3
0,40,104.5
1,72,63.1
1,3,75.05
0,23,81.0
1,1,74.45
0,4,60.4
0,62,84.95
0,40,93.4
0,41,89.2
1,34,85.2
0,1,49.95
0,51,20.65
0,1,70.65
0,39,20.15
0,12,19.2
0,12,59.8
0,72,104.95
1,63,103.5
0,44,84.8
0,18,95.05
0,9,44.2
0,13,73.35
0,68,64.1
1,6,44.4
0,2,20.05
1,55,60.0
1,1,75.75
0,38,69.5
0,67,102.95
0,19,78.7
0,12,60.65
0,72,21.15
0,24,84.8
0,72,103.2
0,11,29.6
1,4,74.4
0,66,105.65
